customer_id,total_transactions,purchase_count,days_as_customer,total_spent,days_since_last_purchase,transactions_per_month,avg_spend_per_transaction,lifetime_value_per_month,engagement_tier,spend_quartile,recency_score,frequency_score,monetary_score,rfm_score
CUST-0001,35,35,132,4601.27,164,7.954545454545454,131.46485714285714,1045.743181818182,medium,Q2,1,2,3,6
CUST-0002,87,87,465,20330.46,125,5.612903225806452,233.68344827586205,1311.6425806451612,medium,Q4,2,5,5,12
CUST-0003,81,81,300,7043.28,7,8.1,86.95407407407407,704.328,medium,Q3,5,5,4,14
CUST-0004,90,90,136,13727.87,29,19.852941176470587,152.5318888888889,3028.206617647059,high,Q4,5,5,5,15
CUST-0005,8,8,101,788.92,139,2.376237623762376,98.615,234.33267326732673,medium,Q1,2,1,1,4
CUST-0006,93,93,50,11069.26,33,55.8,119.02430107526882,6641.556,high,Q4,5,5,4,14
CUST-0007,26,26,644,3683.28,134,1.2111801242236027,141.6646153846154,171.58136645962736,low,Q2,2,2,3,7
CUST-0008,74,74,151,10488.85,111,14.701986754966887,141.74121621621623,2083.8774834437086,high,Q4,2,4,4,10
CUST-0009,90,90,496,5257.38,79,5.443548387096774,58.415333333333336,317.98669354838705,medium,Q3,3,5,3,11
CUST-0010,34,34,244,5926.1,160,4.180327868852459,174.29705882352943,728.6188524590165,medium,Q3,1,2,3,6
CUST-0011,7,7,360,217.62,179,0.5833333333333334,31.08857142857143,18.135,low,Q1,1,1,1,3
CUST-0012,68,68,488,2945.62,58,4.180327868852459,43.31794117647058,181.08319672131148,medium,Q2,4,4,2,10
CUST-0013,58,58,117,617.74,26,14.871794871794872,10.650689655172414,158.3948717948718,high,Q1,5,3,1,9
CUST-0014,75,75,402,2850.53,174,5.597014925373134,38.00706666666667,212.7261194029851,medium,Q2,1,4,2,7
CUST-0015,29,29,129,3583.24,29,6.744186046511628,123.55999999999999,833.3116279069767,medium,Q2,5,2,2,9
CUST-0016,36,36,693,5596.72,4,1.5584415584415583,155.46444444444444,242.28225108225107,low,Q3,5,2,3,10
CUST-0017,89,89,160,17856.02,99,16.6875,200.6294382022472,3348.0037500000003,high,Q4,3,5,5,13
CUST-0018,21,21,691,747.76,141,0.9117221418234442,35.607619047619046,32.46425470332851,low,Q1,2,2,1,5
CUST-0019,36,36,338,7710.29,39,3.195266272189349,214.17472222222221,684.3452662721893,medium,Q3,4,2,4,10
CUST-0020,10,10,373,1890.34,15,0.8042895442359249,189.034,152.03806970509382,low,Q1,5,1,2,8
CUST-0021,73,73,521,7887.24,119,4.203454894433781,108.04438356164383,454.1596928982725,medium,Q3,2,4,4,10
CUST-0022,24,24,443,5613.72,29,1.6252821670428892,233.905,380.16162528216705,low,Q3,5,2,3,10
CUST-0023,64,64,415,15860.68,157,4.626506024096385,247.823125,1146.5551807228915,medium,Q4,1,4,5,10
CUST-0024,99,99,221,5860.84,75,13.438914027149321,59.200404040404045,795.5891402714933,high,Q3,3,5,3,11
CUST-0025,49,49,306,4949.73,116,4.803921568627452,101.01489795918367,485.2676470588235,medium,Q2,2,3,3,8
CUST-0026,99,99,190,23002.44,32,15.631578947368421,232.34787878787878,3631.9642105263156,high,Q4,5,5,5,15
CUST-0027,36,36,489,6594.59,130,2.2085889570552144,183.18305555555557,404.57607361963187,medium,Q3,2,2,4,8
CUST-0028,82,82,343,1766.5,175,7.17201166180758,21.54268292682927,154.50437317784255,medium,Q1,1,5,2,8
CUST-0029,96,96,51,18966.09,84,56.470588235294116,197.5634375,11156.523529411765,high,Q4,3,5,5,13
CUST-0030,24,24,282,5008.94,22,2.553191489361702,208.70583333333332,532.8659574468085,medium,Q2,5,2,3,10
CUST-0031,23,23,590,4372.77,27,1.1694915254237288,190.12043478260873,222.3442372881356,low,Q2,5,2,3,10
CUST-0032,62,62,504,12517.11,81,3.6904761904761902,201.88887096774195,745.0660714285714,medium,Q4,3,4,5,12
CUST-0033,96,96,88,19971.06,126,32.72727272727273,208.031875,6808.31590909091,high,Q4,2,5,5,12
CUST-0034,37,37,540,2025.28,92,2.0555555555555554,54.737297297297296,112.51555555555555,medium,Q1,3,2,2,7
CUST-0035,12,12,711,798.79,21,0.5063291139240507,66.56583333333333,33.7042194092827,low,Q1,5,1,1,7
CUST-0036,55,55,505,8915.61,47,3.2673267326732676,162.102,529.640198019802,medium,Q3,4,3,4,11
CUST-0037,13,13,729,2962.54,101,0.5349794238683128,227.8876923076923,121.91522633744856,low,Q2,3,1,2,6
CUST-0038,23,23,219,1975.41,84,3.1506849315068495,85.88739130434783,270.6041095890411,medium,Q1,3,2,2,7
CUST-0039,89,89,716,13456.23,6,3.7290502793296088,151.19359550561796,563.8085195530726,medium,Q4,5,5,5,15
CUST-0040,99,99,592,17217.65,147,5.016891891891891,173.91565656565658,872.5160472972973,medium,Q4,1,5,5,11
CUST-0041,30,30,596,3554.03,131,1.5100671140939597,118.46766666666667,178.89412751677852,low,Q2,2,2,2,6
CUST-0042,17,17,273,3082.23,1,1.8681318681318682,181.30764705882353,338.7065934065934,low,Q2,5,1,2,8
CUST-0043,62,62,534,14007.05,58,3.4831460674157304,225.92016129032257,786.9129213483145,medium,Q4,4,4,5,13
CUST-0044,84,84,160,13421.89,124,15.75,159.78440476190477,2516.604375,high,Q4,2,5,5,12
CUST-0045,89,89,514,12419.72,166,5.19455252918288,139.54741573033706,724.8863813229572,medium,Q4,1,5,5,11
CUST-0046,86,86,676,9915.69,15,3.816568047337278,115.29872093023256,440.0454142011834,medium,Q4,5,5,4,14
CUST-0047,13,13,50,1931.76,162,7.8,148.59692307692308,1159.056,medium,Q1,1,1,2,4
CUST-0048,59,59,196,5621.93,163,9.03061224489796,95.28694915254238,860.4994897959184,medium,Q3,1,3,3,7
CUST-0049,19,19,303,1975.16,64,1.8811881188118813,103.95578947368422,195.56039603960397,low,Q1,4,1,2,7
CUST-0050,49,49,417,6744.64,25,3.5251798561151078,137.6457142857143,485.22589928057556,medium,Q3,5,3,4,12
CUST-0051,12,12,630,311.86,24,0.5714285714285714,25.988333333333333,14.850476190476192,low,Q1,5,1,1,7
CUST-0052,61,61,345,3962.93,12,5.304347826086956,64.96606557377049,344.6026086956522,medium,Q2,5,4,3,12
CUST-0053,19,19,43,2665.39,18,13.255813953488373,140.2836842105263,1859.574418604651,high,Q2,5,1,2,8
CUST-0054,76,76,271,8631.07,15,8.413284132841328,113.56671052631579,955.4690036900369,medium,Q3,5,4,4,13
CUST-0055,9,9,375,808.88,27,0.72,89.87555555555555,64.71039999999999,low,Q1,5,1,1,7
CUST-0056,71,71,594,13158.56,72,3.5858585858585856,185.33183098591547,664.5737373737373,medium,Q4,4,4,5,13
CUST-0057,28,28,369,4941.78,60,2.2764227642276422,176.49214285714285,401.77073170731705,medium,Q2,4,2,3,9
CUST-0058,78,78,121,3901.2,174,19.338842975206614,50.01538461538461,967.2396694214876,high,Q2,1,4,3,8
CUST-0059,95,95,396,20982.74,145,7.196969696969697,220.87094736842107,1589.6015151515153,medium,Q4,2,5,5,12
CUST-0060,52,52,484,6702.89,93,3.2231404958677685,128.90173076923077,415.4683884297521,medium,Q3,3,3,4,10
CUST-0061,83,83,457,15599.9,53,5.4485776805251644,187.95060240963855,1024.0634573304158,medium,Q4,4,5,5,14
CUST-0062,16,16,538,2360.9,8,0.8921933085501859,147.55625,131.64869888475837,low,Q2,5,1,2,8
CUST-0063,69,69,64,17211.79,79,32.34375,249.446231884058,8068.0265625,high,Q4,3,4,5,12
CUST-0064,99,99,235,18867.1,27,12.638297872340425,190.57676767676767,2408.5659574468086,high,Q4,5,5,5,15
CUST-0065,12,12,110,2156.1,174,3.272727272727273,179.67499999999998,588.0272727272727,medium,Q2,1,1,2,4
CUST-0066,25,25,591,4921.43,50,1.2690355329949239,196.8572,249.81878172588836,low,Q2,4,2,3,9
CUST-0067,52,52,417,2306.24,131,3.741007194244604,44.350769230769224,165.91654676258992,medium,Q2,2,3,2,7
CUST-0068,85,85,31,5022.71,93,82.25806451612902,59.09070588235294,4860.687096774193,high,Q2,3,5,3,11
CUST-0069,53,53,419,9612.9,172,3.7947494033412887,181.3754716981132,688.2744630071599,medium,Q3,1,3,4,8
CUST-0070,23,23,595,2956.78,24,1.1596638655462186,128.55565217391305,149.08134453781514,low,Q2,5,2,2,9
CUST-0071,16,16,135,3057.8,60,3.5555555555555554,191.1125,679.5111111111112,medium,Q2,4,1,2,7
CUST-0072,57,57,506,1977.89,122,3.3794466403162056,34.69982456140351,117.26620553359685,medium,Q1,2,3,2,7
CUST-0073,39,39,431,5411.47,131,2.71461716937355,138.75564102564104,376.66844547563807,medium,Q3,2,3,3,8
CUST-0074,53,53,585,5348.61,148,2.717948717948718,100.91716981132075,274.2876923076923,medium,Q3,1,3,3,7
CUST-0075,42,42,191,5026.56,46,6.596858638743456,119.68,789.5120418848169,medium,Q2,4,3,3,10
CUST-0076,58,58,231,8987.09,15,7.532467532467532,154.9498275862069,1167.1545454545455,medium,Q3,5,3,4,12
CUST-0077,39,39,299,5091.42,153,3.9130434782608696,130.54923076923077,510.8448160535117,medium,Q2,1,3,3,7
CUST-0078,14,14,300,1953.93,17,1.4,139.5664285714286,195.393,low,Q1,5,1,2,8
CUST-0079,95,95,485,12038.95,126,5.876288659793814,126.72578947368422,744.6773195876289,medium,Q4,2,5,5,12
CUST-0080,5,5,491,540.75,84,0.30549898167006106,108.15,33.03971486761711,low,Q1,3,1,1,5
CUST-0081,35,35,281,6833.81,9,3.7366548042704624,195.25171428571429,729.588256227758,medium,Q3,5,2,4,11
CUST-0082,87,87,325,1124.8,166,8.03076923076923,12.928735632183907,103.8276923076923,medium,Q1,1,5,1,7
CUST-0083,93,93,367,14287.24,176,7.602179836512262,153.62623655913978,1167.8942779291554,medium,Q4,1,5,5,11
CUST-0084,75,75,82,10929.15,63,27.4390243902439,145.722,3998.4695121951218,high,Q4,4,4,4,12
CUST-0085,18,18,246,3273.89,117,2.1951219512195124,181.88277777777776,399.2548780487805,medium,Q2,2,1,2,5
CUST-0086,76,76,217,11686.3,130,10.506912442396313,153.76710526315787,1615.6175115207373,high,Q4,2,4,5,11
CUST-0087,9,9,409,1875.89,88,0.6601466992665037,208.43222222222224,137.5958435207824,low,Q1,3,1,2,6
CUST-0088,74,74,522,17773.17,72,4.252873563218391,240.17797297297295,1021.4465517241379,medium,Q4,4,4,5,13
CUST-0089,58,58,70,5347.94,139,24.857142857142854,92.20586206896552,2291.9742857142855,high,Q3,2,3,3,8
CUST-0090,17,17,186,1097.59,64,2.7419354838709675,64.56411764705882,177.0306451612903,medium,Q1,4,1,1,6
CUST-0091,7,7,44,781.64,72,4.772727272727273,111.66285714285713,532.9363636363637,medium,Q1,4,1,1,6
CUST-0092,46,46,94,3638.74,21,14.680851063829788,79.10304347826086,1161.3,high,Q2,5,3,2,10
CUST-0093,13,13,550,2048.64,18,0.7090909090909091,157.5876923076923,111.744,low,Q1,5,1,2,8
CUST-0094,40,40,373,9153.78,64,3.2171581769436997,228.8445,736.2289544235925,medium,Q3,4,3,4,11
CUST-0095,42,42,158,1822.29,82,7.974683544303797,43.38785714285714,346.00443037974685,medium,Q1,3,3,2,8
CUST-0096,9,9,677,307.72,110,0.39881831610044316,34.19111111111111,13.636041358936486,low,Q1,2,1,1,4
CUST-0097,50,50,501,3572.19,95,2.9940119760479043,71.4438,213.90359281437128,medium,Q2,3,3,2,8
CUST-0098,27,27,92,4975.1,166,8.804347826086955,184.26296296296297,1622.3152173913043,medium,Q2,1,2,3,6
CUST-0099,66,66,168,10052.53,32,11.785714285714286,152.3110606060606,1795.094642857143,high,Q4,5,4,4,13
CUST-0100,5,5,528,172.66,11,0.28409090909090906,34.532,9.810227272727271,low,Q1,5,1,1,7
CUST-0101,29,29,622,6684.5,45,1.3987138263665595,230.5,322.40353697749197,low,Q3,4,2,4,10
CUST-0102,37,37,421,7385.95,33,2.6365795724465557,199.62027027027025,526.3147268408551,medium,Q3,5,2,4,11
CUST-0103,38,38,704,589.97,102,1.6193181818181819,15.525526315789474,25.14076704545455,low,Q1,3,2,1,6
CUST-0104,83,83,448,13805.23,169,5.558035714285714,166.3280722891566,924.4573660714285,medium,Q4,1,5,5,11
CUST-0105,8,8,318,1560.79,136,0.7547169811320755,195.09875,147.24433962264152,low,Q1,2,1,1,4
CUST-0106,65,65,408,6491.19,11,4.779411764705882,99.86446153846153,477.29338235294114,medium,Q3,5,4,4,13
CUST-0107,86,86,519,2282.54,179,4.971098265895954,26.541162790697673,131.93872832369942,medium,Q2,1,5,2,8
CUST-0108,17,17,260,485.47,88,1.9615384615384617,28.557058823529413,56.01576923076924,low,Q1,3,1,1,5
CUST-0109,71,71,70,2486.37,41,30.428571428571427,35.01929577464789,1065.5871428571427,high,Q2,4,4,2,10
CUST-0110,89,89,57,18841.79,145,46.8421052631579,211.70550561797754,9916.731578947369,high,Q4,2,5,5,12
CUST-0111,45,45,164,10285.41,76,8.231707317073171,228.56466666666665,1881.4774390243902,medium,Q4,3,3,4,10
CUST-0112,4,4,230,157.9,121,0.5217391304347826,39.475,20.595652173913045,low,Q1,2,1,1,4
CUST-0113,36,36,62,2398.23,46,17.419354838709676,66.6175,1160.4338709677418,high,Q2,4,2,2,8
CUST-0114,70,70,77,3480.74,160,27.27272727272727,49.72485714285714,1356.1324675324674,high,Q2,1,4,2,7
CUST-0115,31,31,532,1696.23,80,1.7481203007518795,54.71709677419355,95.65206766917292,low,Q1,3,2,2,7
CUST-0116,19,19,436,4008.96,54,1.3073394495412844,210.9978947368421,275.84587155963305,low,Q2,4,1,3,8
CUST-0117,61,61,603,5472.62,86,3.034825870646766,89.71508196721311,272.2696517412935,medium,Q3,3,4,3,10
CUST-0118,54,54,128,4576.32,92,12.65625,84.74666666666666,1072.575,high,Q2,3,3,3,9
CUST-0119,39,39,713,2518.42,148,1.640953716690042,64.5748717948718,105.96437587657785,low,Q2,1,3,2,6
CUST-0120,91,91,576,14186.41,161,4.739583333333334,155.89461538461538,738.8755208333333,medium,Q4,1,5,5,11
CUST-0121,74,74,642,7476.47,168,3.457943925233645,101.03337837837839,349.36775700934584,medium,Q3,1,4,4,9
CUST-0122,90,90,491,16975.79,160,5.4989816700611,188.6198888888889,1037.2173116089614,medium,Q4,1,5,5,11
CUST-0123,19,19,672,1127.44,97,0.8482142857142858,59.33894736842105,50.33214285714286,low,Q1,3,1,1,5
CUST-0124,39,39,34,7763.71,2,34.411764705882355,199.06948717948717,6850.332352941176,high,Q3,5,3,4,12
CUST-0125,67,67,247,10377.84,33,8.137651821862349,154.8931343283582,1260.4663967611336,medium,Q4,5,4,4,13
CUST-0126,45,45,532,1684.09,158,2.537593984962406,37.42422222222222,94.96748120300751,medium,Q1,1,3,2,6
CUST-0127,13,13,427,1423.25,161,0.9133489461358314,109.48076923076923,99.99414519906324,low,Q1,1,1,1,3
CUST-0128,92,92,422,19986.48,77,6.540284360189574,217.24434782608697,1420.8398104265402,medium,Q4,3,5,5,13
CUST-0129,58,58,236,13427.61,116,7.372881355932204,231.51051724137932,1706.8995762711866,medium,Q4,2,3,5,10
CUST-0130,20,20,44,2435.36,154,13.636363636363637,121.768,1660.4727272727275,high,Q2,1,2,2,5
CUST-0131,92,92,583,11536.88,150,4.734133790737564,125.40086956521738,593.6644939965694,medium,Q4,1,5,4,10
CUST-0132,72,72,490,16590.9,103,4.408163265306123,230.42916666666667,1015.7693877551022,medium,Q4,3,4,5,12
CUST-0133,61,61,720,9204.68,166,2.5416666666666665,150.89639344262295,383.52833333333336,medium,Q3,1,4,4,9
CUST-0134,39,39,604,697.44,103,1.9370860927152318,17.883076923076924,34.64105960264901,low,Q1,3,3,1,7
CUST-0135,1,1,270,229.06,90,0.1111111111111111,229.06,25.45111111111111,low,Q1,3,1,1,5
CUST-0136,3,3,593,208.72,174,0.15177065767284992,69.57333333333334,10.559190556492412,low,Q1,1,1,1,3
CUST-0137,77,77,125,11444.64,122,18.48,148.6316883116883,2746.7135999999996,high,Q4,2,4,4,10
CUST-0138,92,92,514,4574.53,143,5.369649805447471,49.72315217391304,266.99591439688714,medium,Q2,2,5,3,10
CUST-0139,62,62,436,1124.12,106,4.26605504587156,18.130967741935482,77.34770642201835,medium,Q1,3,4,1,8
CUST-0140,63,63,260,5339.47,119,7.26923076923077,84.75349206349206,616.0926923076923,medium,Q3,2,4,3,9
CUST-0141,25,25,684,4932.97,172,1.0964912280701753,197.3188,216.35833333333335,low,Q2,1,2,3,6
CUST-0142,56,56,200,4290.77,49,8.4,76.62089285714286,643.6155,medium,Q2,4,3,3,10
CUST-0143,33,33,570,2073.17,104,1.736842105263158,62.82333333333334,109.11421052631579,low,Q2,3,2,2,7
CUST-0144,38,38,65,2319.65,61,17.53846153846154,61.04342105263158,1070.6076923076923,high,Q2,4,2,2,8
CUST-0145,6,6,554,801.85,123,0.3249097472924188,133.64166666666668,43.421480144404335,low,Q1,2,1,1,4
CUST-0146,58,58,189,14159.54,134,9.206349206349207,244.13000000000002,2247.546031746032,medium,Q4,2,3,5,10
CUST-0147,44,44,728,5286.92,9,1.8131868131868132,120.15727272727273,217.86758241758244,low,Q3,5,3,3,11
CUST-0148,45,45,272,6468.9,6,4.963235294117647,143.75333333333333,713.4816176470588,medium,Q3,5,3,4,12
CUST-0149,32,32,115,6929.65,73,8.347826086956522,216.5515625,1807.7347826086955,medium,Q3,3,2,4,9
CUST-0150,45,45,607,6228.75,103,2.2240527182866554,138.41666666666666,307.8459637561779,medium,Q3,3,3,3,9
CUST-0151,61,61,711,3310.54,160,2.5738396624472575,54.271147540983605,139.68523206751055,medium,Q2,1,4,2,7
CUST-0152,47,47,586,3849.44,41,2.406143344709897,81.90297872340426,197.07030716723548,medium,Q2,4,3,3,10
CUST-0153,21,21,603,1772.08,114,1.044776119402985,84.3847619047619,88.16318407960198,low,Q1,2,2,2,6
CUST-0154,80,80,675,8428.51,8,3.5555555555555554,105.356375,374.60044444444446,medium,Q3,5,4,4,13
CUST-0155,85,85,57,9556.49,72,44.73684210526316,112.42929411764706,5029.731578947369,high,Q3,4,5,4,13
CUST-0156,75,75,649,15146.08,178,3.4668721109399074,201.94773333333333,700.1269645608629,medium,Q4,1,4,5,10
CUST-0157,36,36,585,3378.7,92,1.8461538461538463,93.85277777777777,173.26666666666665,low,Q2,3,2,2,7
CUST-0158,99,99,369,12115.19,62,8.048780487804878,122.37565656565657,984.9747967479675,medium,Q4,4,5,5,14
CUST-0159,19,19,360,3039.89,84,1.5833333333333333,159.99421052631578,253.32416666666666,low,Q2,3,1,2,6
CUST-0160,20,20,669,2013.08,62,0.8968609865470851,100.654,90.2726457399103,low,Q1,4,2,2,8
CUST-0161,57,57,535,12014.21,111,3.196261682242991,210.7756140350877,673.6940186915888,medium,Q4,2,3,5,10
CUST-0162,18,18,377,2717.8,127,1.4323607427055702,150.9888888888889,216.27055702917772,low,Q2,2,1,2,5
CUST-0163,47,47,502,3786.82,7,2.8087649402390436,80.57063829787235,226.30398406374502,medium,Q2,5,3,3,11
CUST-0164,49,49,260,8887.34,84,5.653846153846154,181.37428571428572,1025.4623076923078,medium,Q3,3,3,4,10
CUST-0165,14,14,219,1912.9,132,1.9178082191780823,136.6357142857143,262.041095890411,low,Q1,2,1,2,5
CUST-0166,15,15,254,2074.04,134,1.7716535433070866,138.26933333333332,244.96535433070866,low,Q2,2,1,2,5
CUST-0167,31,31,414,3889.29,58,2.2463768115942027,125.46096774193548,281.83260869565214,medium,Q2,4,2,3,9
CUST-0168,1,1,406,129.28,22,0.07389162561576355,129.28,9.552709359605911,low,Q1,5,1,1,7
CUST-0169,54,54,312,10459.02,154,5.1923076923076925,193.68555555555557,1005.675,medium,Q4,1,3,4,8
CUST-0170,3,3,662,104.15,127,0.13595166163141995,34.71666666666667,4.719788519637462,low,Q1,2,1,1,4
CUST-0171,16,16,657,1443.95,3,0.7305936073059361,90.246875,65.93378995433791,low,Q1,5,1,1,7
CUST-0172,87,87,288,2446.51,127,9.0625,28.120804597701152,254.8447916666667,medium,Q2,2,5,2,9
CUST-0173,57,57,388,10874.41,41,4.407216494845361,190.77912280701753,840.8048969072165,medium,Q4,4,3,4,11
CUST-0174,75,75,485,5651.43,106,4.639175257731958,75.3524,349.57298969072167,medium,Q3,3,4,3,10
CUST-0175,12,12,440,2704.6,14,0.8181818181818182,225.38333333333333,184.40454545454546,low,Q2,5,1,2,8
CUST-0176,74,74,678,10092.03,12,3.2743362831858405,136.3787837837838,446.55,medium,Q4,5,4,4,13
CUST-0177,96,96,347,19409.27,87,8.29971181556196,202.17989583333335,1678.034870317003,medium,Q4,3,5,5,13
CUST-0178,16,16,706,3919.1,12,0.6798866855524078,244.94375,166.5339943342776,low,Q2,5,1,3,9
CUST-0179,72,72,254,15231.55,141,8.503937007874015,211.54930555555555,1799.001968503937,medium,Q4,2,4,5,11
CUST-0180,76,76,263,16573.97,25,8.669201520912546,218.07855263157896,1890.5669201520911,medium,Q4,5,4,5,14
CUST-0181,24,24,713,2589.99,45,1.0098176718092566,107.91624999999999,108.97573632538568,low,Q2,4,2,2,8
CUST-0182,28,28,693,3987.58,122,1.2121212121212122,142.41357142857143,172.6225108225108,low,Q2,2,2,3,7
CUST-0183,8,8,403,567.47,147,0.5955334987593052,70.93375,42.243424317617865,low,Q1,1,1,1,3
CUST-0184,92,92,701,5250.18,55,3.9372325249643367,57.06717391304348,224.6867332382311,medium,Q3,4,5,3,12
CUST-0185,36,36,637,4727.59,100,1.695447409733124,131.32194444444445,222.64945054945053,low,Q2,3,2,3,8
CUST-0186,90,90,501,13753.06,173,5.389221556886228,152.81177777777776,823.5365269461078,medium,Q4,1,5,5,11
CUST-0187,8,8,262,731.4,136,0.9160305343511451,91.425,83.74809160305344,low,Q1,2,1,1,4
CUST-0188,58,58,721,8506.65,119,2.4133148404993063,146.6663793103448,353.9521497919556,medium,Q3,2,3,4,9
CUST-0189,60,60,142,13379.43,53,12.676056338028168,222.9905,2826.6401408450706,high,Q4,4,4,5,13
CUST-0190,50,50,526,7180.66,32,2.8517110266159693,143.6132,409.5433460076045,medium,Q3,5,3,4,12
CUST-0191,28,28,471,5123.86,51,1.78343949044586,182.99499999999998,326.3605095541401,low,Q2,4,2,3,9
CUST-0192,92,92,593,18701.35,44,4.654300168634064,203.27554347826086,946.1053962900505,medium,Q4,4,5,5,14
CUST-0193,41,41,297,10139.09,82,4.141414141414141,247.2948780487805,1024.150505050505,medium,Q4,3,3,4,10
CUST-0194,64,64,539,9905.11,146,3.5621521335807054,154.76734375,551.304823747681,medium,Q4,1,4,4,9
CUST-0195,27,27,415,5498.39,150,1.9518072289156625,203.6440740740741,397.4739759036145,low,Q3,1,2,3,6
CUST-0196,63,63,416,15185.26,37,4.543269230769231,241.03587301587302,1095.0908653846154,medium,Q4,4,4,5,13
CUST-0197,17,17,142,4023.19,96,3.591549295774648,236.65823529411765,849.9697183098591,medium,Q2,3,1,3,7
CUST-0198,73,73,642,3201.75,56,3.411214953271028,43.85958904109589,149.61448598130843,medium,Q2,4,4,2,10
CUST-0199,33,33,654,3548.63,105,1.5137614678899083,107.53424242424242,162.78119266055046,low,Q2,3,2,2,7
CUST-0200,84,84,110,7371.64,59,22.90909090909091,87.75761904761904,2010.447272727273,high,Q3,4,5,4,13
CUST-0201,77,77,728,2376.37,131,3.1730769230769234,30.86194805194805,97.92733516483517,medium,Q2,2,4,2,8
CUST-0202,92,92,142,14901.96,156,19.43661971830986,161.97782608695653,3148.301408450704,high,Q4,1,5,5,11
CUST-0203,29,29,31,5411.9,35,28.064516129032256,186.61724137931034,5237.32258064516,high,Q3,4,2,3,9
CUST-0204,13,13,671,2776.16,93,0.5812220566318926,213.55076923076922,124.12041728763039,low,Q2,3,1,2,6
CUST-0205,46,46,249,1815.46,97,5.542168674698795,39.466521739130435,218.73012048192768,medium,Q1,3,3,2,8
CUST-0206,35,35,595,7712.13,135,1.7647058823529413,220.34657142857142,388.84689075630257,low,Q3,2,2,4,8
CUST-0207,6,6,254,985.81,76,0.7086614173228346,164.30166666666665,116.43425196850393,low,Q1,3,1,1,5
CUST-0208,82,82,414,14673.66,49,5.942028985507246,178.9470731707317,1063.3086956521738,medium,Q4,4,5,5,14
CUST-0209,69,69,432,15769.93,94,4.791666666666667,228.54971014492753,1095.1340277777779,medium,Q4,3,4,5,12
CUST-0210,47,47,667,7517.31,159,2.113943028485757,159.94276595744682,338.10989505247375,medium,Q3,1,3,4,8
CUST-0211,25,25,159,2265.2,24,4.716981132075472,90.60799999999999,427.3962264150943,medium,Q2,5,2,2,9
CUST-0212,66,66,82,13729.7,148,24.146341463414632,208.02575757575758,5023.0609756097565,high,Q4,1,4,5,10
CUST-0213,10,10,713,971.34,37,0.420757363253857,97.134,40.86984572230014,low,Q1,4,1,1,6
CUST-0214,56,56,701,1020.03,4,2.396576319543509,18.21482142857143,43.65320970042796,medium,Q1,5,3,1,9
CUST-0215,30,30,445,6280.71,108,2.0224719101123596,209.357,423.41865168539323,medium,Q3,2,2,3,7
CUST-0216,5,5,276,464.23,126,0.5434782608695653,92.846,50.45978260869566,low,Q1,2,1,1,4
CUST-0217,33,33,468,6458.77,20,2.1153846153846154,195.72030303030306,414.023717948718,medium,Q3,5,2,4,11
CUST-0218,65,65,232,6309.02,152,8.405172413793103,97.06184615384616,815.821551724138,medium,Q3,1,4,3,8
CUST-0219,18,18,213,3899.81,50,2.535211267605634,216.6561111111111,549.269014084507,medium,Q2,4,1,3,8
CUST-0220,96,96,152,6017.52,177,18.947368421052634,62.682500000000005,1187.6684210526316,high,Q3,1,5,3,9
CUST-0221,49,49,430,11950.68,179,3.4186046511627906,243.89142857142858,833.7683720930232,medium,Q4,1,3,5,9
CUST-0222,11,11,323,2168.56,96,1.021671826625387,197.14181818181817,201.41424148606808,low,Q2,3,1,2,6
CUST-0223,85,85,309,3180.45,105,8.252427184466018,37.41705882352941,308.78155339805824,medium,Q2,3,5,2,10
CUST-0224,26,26,639,3790.45,164,1.220657276995305,145.78653846153844,177.95539906103284,low,Q2,1,2,3,6
CUST-0225,63,63,227,15528.75,117,8.325991189427313,246.48809523809524,2052.2577092511015,medium,Q4,2,4,5,11
CUST-0226,89,89,540,10951.96,98,4.944444444444445,123.05573033707864,608.4422222222222,medium,Q4,3,5,4,12
CUST-0227,86,86,173,4618.69,66,14.913294797687861,53.7056976744186,800.928901734104,high,Q2,4,5,3,12
CUST-0228,59,59,638,7454.46,79,2.774294670846395,126.34677966101695,350.52319749216304,medium,Q3,3,3,4,10
CUST-0229,27,27,230,3590.73,162,3.5217391304347823,132.99,468.3560869565217,medium,Q2,1,2,2,5
CUST-0230,49,49,153,9212.24,164,9.607843137254903,188.00489795918367,1806.3215686274511,medium,Q3,1,3,4,8
CUST-0231,77,77,216,13684.67,6,10.694444444444445,177.722987012987,1900.648611111111,high,Q4,5,4,5,14
CUST-0232,33,33,355,3518.2,39,2.788732394366197,106.61212121212121,297.312676056338,medium,Q2,4,2,2,8
CUST-0233,98,98,493,6107.9,170,5.963488843813387,62.32551020408163,371.6774847870182,medium,Q3,1,5,3,9
CUST-0234,99,99,378,16316.49,115,7.857142857142858,164.8130303030303,1294.9595238095237,medium,Q4,2,5,5,12
CUST-0235,1,1,689,111.21,125,0.043541364296081284,111.21,4.842235123367199,low,Q1,2,1,1,4
CUST-0236,21,21,432,876.67,12,1.4583333333333333,41.74619047619048,60.879861111111104,low,Q1,5,2,1,8
CUST-0237,55,55,375,12437.55,131,4.4,226.13727272727272,995.0039999999999,medium,Q4,2,3,5,10
CUST-0238,6,6,540,1055.36,18,0.3333333333333333,175.89333333333332,58.6311111111111,low,Q1,5,1,1,7
CUST-0239,92,92,176,16004.7,40,15.681818181818183,173.96413043478262,2728.073863636364,high,Q4,4,5,5,14
CUST-0240,81,81,177,16801.03,21,13.728813559322033,207.42012345679012,2847.63220338983,high,Q4,5,5,5,15
CUST-0241,69,69,518,9461.2,143,3.9961389961389964,137.11884057971017,547.945945945946,medium,Q3,2,4,4,10
CUST-0242,95,95,669,19533.24,99,4.260089686098655,205.61305263157897,875.9300448430494,medium,Q4,3,5,5,13
CUST-0243,5,5,580,647.71,26,0.25862068965517243,129.542,33.50224137931035,low,Q1,5,1,1,7
CUST-0244,3,3,367,78.37,8,0.2452316076294278,26.123333333333335,6.406267029972753,low,Q1,5,1,1,7
CUST-0245,53,53,670,5684.76,100,2.373134328358209,107.25962264150944,254.54149253731345,medium,Q3,3,3,3,9
CUST-0246,23,23,502,2976.01,87,1.3745019920318724,129.3917391304348,177.849203187251,low,Q2,3,2,2,7
CUST-0247,53,53,180,9690.98,42,8.833333333333334,182.84867924528302,1615.1633333333332,medium,Q3,4,3,4,11
CUST-0248,37,37,444,1316.42,172,2.5,35.57891891891892,88.9472972972973,medium,Q1,1,2,1,4
CUST-0249,74,74,327,3226.73,14,6.7889908256880735,43.60445945945946,296.0302752293578,medium,Q2,5,4,2,11
CUST-0250,74,74,640,5423.02,78,3.46875,73.28405405405405,254.20406250000002,medium,Q3,3,4,3,10
CUST-0251,83,83,292,6138.65,2,8.527397260273974,73.95963855421687,630.6832191780823,medium,Q3,5,5,3,13
CUST-0252,17,17,173,3157.31,119,2.947976878612717,185.72411764705882,547.5104046242775,medium,Q2,2,1,2,5
CUST-0253,85,85,375,5964.91,37,6.8,70.17541176470588,477.1928,medium,Q3,4,5,3,12
CUST-0254,78,78,653,12631.6,69,3.5834609494640124,161.94358974358974,580.3185298621746,medium,Q4,4,4,5,13
CUST-0255,73,73,601,9389.68,166,3.643926788685524,128.62575342465755,468.70282861896834,medium,Q3,1,4,4,9
CUST-0256,1,1,31,147.59,41,0.9677419354838709,147.59,142.8290322580645,low,Q1,4,1,1,6
CUST-0257,51,51,333,10768.43,62,4.594594594594595,211.1456862745098,970.1288288288289,medium,Q4,4,3,4,11
CUST-0258,45,45,283,4817.32,60,4.770318021201414,107.05155555555555,510.6699646643109,medium,Q2,4,3,3,10
CUST-0259,77,77,681,15016.44,125,3.392070484581498,195.0187012987013,661.5171806167401,medium,Q4,2,4,5,11
CUST-0260,4,4,482,445.15,111,0.24896265560165975,111.2875,27.706431535269708,low,Q1,2,1,1,4
CUST-0261,62,62,66,5885.61,14,28.18181818181818,94.92919354838709,2675.2772727272722,high,Q3,5,4,3,12
CUST-0262,65,65,189,15604.58,84,10.317460317460318,240.07046153846153,2476.91746031746,high,Q4,3,4,5,12
CUST-0263,32,32,38,1735.97,130,25.263157894736842,54.2490625,1370.5026315789476,high,Q1,2,2,2,6
CUST-0264,34,34,262,1077.15,70,3.893129770992367,31.68088235294118,123.337786259542,medium,Q1,4,2,1,7
CUST-0265,92,92,128,17943.37,145,21.5625,195.0366304347826,4205.47734375,high,Q4,2,5,5,12
CUST-0266,95,95,688,2506.09,123,4.142441860465116,26.379894736842108,109.27718023255815,medium,Q2,2,5,2,9
CUST-0267,72,72,237,15184.72,89,9.11392405063291,210.89888888888888,1922.1164556962024,medium,Q4,3,4,5,12
CUST-0268,39,39,160,4482.13,28,7.3125,114.92641025641026,840.3993750000001,medium,Q2,5,3,3,11
CUST-0269,26,26,433,5972.81,66,1.8013856812933025,229.72346153846155,413.82055427251737,low,Q3,4,2,3,9
CUST-0270,34,34,181,6227.71,163,5.6353591160221,183.16794117647058,1032.2171270718231,medium,Q3,1,2,3,6
CUST-0271,54,54,83,8450.84,5,19.518072289156628,156.49703703703705,3054.520481927711,high,Q3,5,3,4,12
CUST-0272,3,3,149,713.5,168,0.6040268456375839,237.83333333333334,143.65771812080536,low,Q1,1,1,1,3
CUST-0273,50,50,702,5259.79,164,2.1367521367521367,105.1958,224.77735042735043,medium,Q3,1,3,3,7
CUST-0274,12,12,657,2867.77,45,0.5479452054794521,238.98083333333332,130.94840182648403,low,Q2,4,1,2,7
CUST-0275,65,65,616,2756.02,151,3.1655844155844153,42.40030769230769,134.22175324675322,medium,Q2,1,4,2,7
CUST-0276,54,54,654,6809.46,47,2.477064220183486,126.10111111111111,312.3605504587156,medium,Q3,4,3,4,11
CUST-0277,5,5,449,373.89,31,0.33407572383073497,74.77799999999999,24.9815144766147,low,Q1,5,1,1,7
CUST-0278,94,94,451,13118.85,139,6.252771618625277,139.5622340425532,872.650776053215,medium,Q4,2,5,5,12
CUST-0279,94,94,133,4595.03,10,21.20300751879699,48.88329787234042,1036.472932330827,high,Q2,5,5,3,13
CUST-0280,57,57,283,12082.13,118,6.042402826855123,211.96719298245614,1280.7911660777384,medium,Q4,2,3,5,10
CUST-0281,17,17,256,3623.34,14,1.9921875,213.13764705882355,424.61015625000005,low,Q2,5,1,2,8
CUST-0282,47,47,141,11245.07,80,10.0,239.25680851063828,2392.568085106383,medium,Q4,3,3,4,10
CUST-0283,23,23,539,1083.79,93,1.280148423005566,47.12130434782608,60.32226345083488,low,Q1,3,2,1,6
CUST-0284,79,79,502,12608.39,10,4.721115537848605,159.5998734177215,753.4894422310756,medium,Q4,5,4,5,14
CUST-0285,85,85,128,10524.44,76,19.921875,123.81694117647059,2466.665625,high,Q4,3,5,4,12
CUST-0286,14,14,182,1297.13,94,2.307692307692308,92.65214285714286,213.8126373626374,medium,Q1,3,1,1,5
CUST-0287,66,66,367,6228.4,105,5.395095367847412,94.36969696969696,509.13351498637604,medium,Q3,3,4,3,10
CUST-0288,75,75,192,8180.28,1,11.71875,109.07039999999999,1278.1687499999998,high,Q3,5,4,4,13
CUST-0289,51,51,710,9138.29,133,2.1549295774647885,179.1821568627451,386.1249295774648,medium,Q3,2,3,4,9
CUST-0290,38,38,190,5836.37,20,6.0,153.5886842105263,921.532105263158,medium,Q3,5,2,3,10
CUST-0291,64,64,609,7700.71,8,3.152709359605911,120.32359375,379.3453201970443,medium,Q3,5,4,4,13
CUST-0292,98,98,427,2765.95,171,6.885245901639345,28.223979591836734,194.32903981264636,medium,Q2,1,5,2,8
CUST-0293,38,38,306,1089.22,1,3.7254901960784315,28.663684210526316,106.78627450980393,medium,Q1,5,2,1,8
CUST-0294,50,50,533,528.07,57,2.8142589118198877,10.5614,29.722514071294565,medium,Q1,4,3,1,8
CUST-0295,98,98,421,23740.29,64,6.983372921615202,242.24785714285716,1691.7071258907365,medium,Q4,4,5,5,14
CUST-0296,82,82,164,923.4,118,15.0,11.260975609756096,168.91463414634146,high,Q1,2,5,1,8
CUST-0297,30,30,224,1042.27,28,4.017857142857142,34.742333333333335,139.58973214285714,medium,Q1,5,2,1,8
CUST-0298,79,79,430,6754.75,121,5.511627906976744,85.50316455696202,471.26162790697674,medium,Q3,2,4,4,10
CUST-0299,91,91,669,18544.28,107,4.0807174887892375,203.78329670329668,831.582062780269,medium,Q4,3,5,5,13
CUST-0300,51,51,62,12286.09,165,24.677419354838708,240.90372549019608,5944.882258064516,high,Q4,1,3,5,9
CUST-0301,63,63,717,12575.01,175,2.6359832635983267,199.60333333333332,526.1510460251046,medium,Q4,1,4,5,10
CUST-0302,98,98,489,17221.98,165,6.012269938650307,175.73448979591836,1056.563190184049,medium,Q4,1,5,5,11
CUST-0303,52,52,499,7025.83,49,3.12625250501002,135.11211538461538,422.39458917835674,medium,Q3,4,3,4,11
CUST-0304,38,38,404,1170.75,120,2.8217821782178216,30.80921052631579,86.93688118811882,medium,Q1,2,2,1,5
CUST-0305,97,97,51,23276.22,44,57.05882352941177,239.96103092783505,13691.89411764706,high,Q4,4,5,5,14
CUST-0306,88,88,699,16897.25,56,3.776824034334764,192.01420454545453,725.2038626609442,medium,Q4,4,5,5,14
CUST-0307,79,79,67,12904.48,156,35.373134328358205,163.3478481012658,5778.125373134328,high,Q4,1,4,5,10
CUST-0308,30,30,259,5765.06,111,3.474903474903475,192.16866666666667,667.7675675675677,medium,Q3,2,2,3,7
CUST-0309,51,51,394,9373.02,134,3.883248730964467,183.78470588235294,713.6817258883249,medium,Q3,2,3,4,9
CUST-0310,81,81,592,13197.78,108,4.10472972972973,162.93555555555557,668.8064189189189,medium,Q4,2,5,5,12
CUST-0311,5,5,467,1226.69,148,0.32119914346895073,245.33800000000002,78.80235546038544,low,Q1,1,1,1,3
CUST-0312,29,29,312,6577.41,114,2.7884615384615383,226.80724137931034,632.4432692307691,medium,Q3,2,2,4,8
CUST-0313,4,4,56,660.8,78,2.142857142857143,165.2,353.99999999999994,medium,Q1,3,1,1,5
CUST-0314,10,10,255,1763.62,130,1.1764705882352942,176.362,207.48470588235293,low,Q1,2,1,2,5
CUST-0315,56,56,306,1253.45,37,5.490196078431373,22.383035714285715,122.8872549019608,medium,Q1,4,3,1,8
CUST-0316,17,17,638,2903.26,20,0.7993730407523512,170.78,136.51692789968655,low,Q2,5,1,2,8
CUST-0317,74,74,313,1524.38,26,7.092651757188499,20.59972972972973,146.10670926517574,medium,Q1,5,4,1,10
CUST-0318,17,17,510,2570.12,29,1.0,151.1835294117647,151.1835294117647,low,Q2,5,1,2,8
CUST-0319,84,84,482,20986.97,1,5.228215767634855,249.84488095238098,1306.2429460580913,medium,Q4,5,5,5,15
CUST-0320,88,88,688,12618.63,119,3.8372093023255816,143.3935227272727,550.2309593023256,medium,Q4,2,5,5,12
CUST-0321,69,69,545,8526.36,35,3.7981651376146788,123.5704347826087,469.3409174311927,medium,Q3,4,4,4,12
CUST-0322,34,34,576,2892.9,59,1.7708333333333335,85.08529411764707,150.671875,low,Q2,4,2,2,8
CUST-0323,6,6,221,233.55,69,0.8144796380090498,38.925000000000004,31.703619909502265,low,Q1,4,1,1,6
CUST-0324,53,53,78,9828.62,161,20.384615384615383,185.4456603773585,3780.2384615384617,high,Q3,1,3,4,8
CUST-0325,66,66,541,3710.77,179,3.6598890942698703,56.22378787878788,205.77282809611827,medium,Q2,1,4,3,8
CUST-0326,77,77,46,2900.41,12,50.21739130434782,37.667662337662335,1891.5717391304345,high,Q2,5,4,2,11
CUST-0327,43,43,201,4782.59,20,6.4179104477611935,111.22302325581396,713.8194029850746,medium,Q2,5,3,3,11
CUST-0328,75,75,249,15066.15,43,9.036144578313252,200.882,1815.1987951807228,medium,Q4,4,4,5,13
CUST-0329,23,23,187,4342.76,126,3.6898395721925135,188.81565217391307,696.6994652406418,medium,Q2,2,2,3,7
CUST-0330,55,55,506,1274.45,50,3.260869565217391,23.171818181818182,75.56027667984189,medium,Q1,4,3,1,8
CUST-0331,80,80,75,9538.76,29,32.0,119.2345,3815.504,high,Q3,5,4,4,13
CUST-0332,95,95,402,12861.51,39,7.08955223880597,135.38431578947367,959.8141791044776,medium,Q4,4,5,5,14
CUST-0333,75,75,547,12351.84,171,4.113345521023766,164.6912,677.4318098720292,medium,Q4,1,4,5,10
CUST-0334,16,16,128,2656.64,178,3.75,166.04,622.65,medium,Q2,1,1,2,4
CUST-0335,8,8,66,780.22,151,3.6363636363636362,97.5275,354.6454545454545,medium,Q1,1,1,1,3
CUST-0336,4,4,309,578.25,172,0.3883495145631068,144.5625,56.140776699029125,low,Q1,1,1,1,3
CUST-0337,4,4,378,501.82,38,0.31746031746031744,125.455,39.82698412698413,low,Q1,4,1,1,6
CUST-0338,56,56,526,12454.38,84,3.1939163498098857,222.39964285714285,710.3258555133078,medium,Q4,3,3,5,11
CUST-0339,25,25,331,3431.59,151,2.2658610271903323,137.2636,311.0202416918429,medium,Q2,1,2,2,5
CUST-0340,67,67,210,7761.8,128,9.571428571428571,115.84776119402986,1108.8285714285714,medium,Q3,2,4,4,10
CUST-0341,96,96,636,10279.34,126,4.528301886792453,107.07645833333333,484.8745283018868,medium,Q4,2,5,4,11
CUST-0342,67,67,128,9874.64,45,15.703125,147.38268656716417,2314.36875,high,Q4,4,4,4,12
CUST-0343,27,27,729,5479.77,52,1.1111111111111112,202.95444444444445,225.50493827160494,low,Q3,4,2,3,9
CUST-0344,93,93,145,12947.12,80,19.24137931034483,139.2163440860215,2678.714482758621,high,Q4,3,5,5,13
CUST-0345,32,32,220,5401.51,178,4.363636363636364,168.7971875,736.5695454545455,medium,Q3,1,2,3,6
CUST-0346,50,50,282,9354.27,124,5.319148936170213,187.08540000000002,995.1351063829787,medium,Q3,2,3,4,9
CUST-0347,61,61,190,8225.26,119,9.631578947368421,134.84032786885246,1298.725263157895,medium,Q3,2,4,4,10
CUST-0348,51,51,285,5734.24,8,5.368421052631579,112.43607843137255,603.6042105263158,medium,Q3,5,3,3,11
CUST-0349,19,19,352,4187.59,85,1.6193181818181819,220.39947368421053,356.896875,low,Q2,3,1,3,7
CUST-0350,21,21,157,2314.23,129,4.012738853503184,110.20142857142858,442.2095541401274,medium,Q2,2,2,2,6
CUST-0351,5,5,47,604.33,8,3.1914893617021276,120.86600000000001,385.7425531914894,medium,Q1,5,1,1,7
CUST-0352,82,82,595,20309.92,157,4.1344537815126055,247.68195121951217,1024.0295798319328,medium,Q4,1,5,5,11
CUST-0353,92,92,599,925.24,96,4.607679465776294,10.05695652173913,46.33923205342237,medium,Q1,3,5,1,9
CUST-0354,42,42,352,2289.57,102,3.5795454545454546,54.51357142857143,195.13380681818185,medium,Q2,3,3,2,8
CUST-0355,61,61,715,6231.23,5,2.5594405594405596,102.15131147540983,261.4502097902098,medium,Q3,5,4,3,12
CUST-0356,22,22,655,5144.07,86,1.0076335877862597,233.82136363636363,235.60625954198474,low,Q2,3,2,3,8
CUST-0357,21,21,317,562.95,175,1.9873817034700316,26.80714285714286,53.276025236593064,low,Q1,1,2,1,4
CUST-0358,70,70,692,859.36,34,3.0346820809248554,12.27657142857143,37.25549132947977,medium,Q1,4,4,1,9
CUST-0359,1,1,668,22.64,55,0.04491017964071856,22.64,1.0167664670658683,low,Q1,4,1,1,6
CUST-0360,5,5,184,156.25,119,0.8152173913043478,31.25,25.475543478260867,low,Q1,2,1,1,4
CUST-0361,12,12,519,228.28,171,0.6936416184971098,19.023333333333333,13.195375722543352,low,Q1,1,1,1,3
CUST-0362,90,90,415,11263.28,158,6.506024096385542,125.14755555555556,814.2130120481928,medium,Q4,1,5,4,10
CUST-0363,46,46,133,6871.56,114,10.375939849624059,149.3817391304348,1549.975939849624,high,Q3,2,3,4,9
CUST-0364,34,34,422,2556.97,145,2.4170616113744074,75.205,181.7751184834123,medium,Q2,2,2,2,6
CUST-0365,49,49,275,5173.86,26,5.345454545454546,105.58897959183673,564.4210909090909,medium,Q3,5,3,3,11
CUST-0366,78,78,205,2496.61,136,11.414634146341465,32.007820512820516,365.3575609756098,high,Q2,2,4,2,8
CUST-0367,90,90,68,8165.6,47,39.705882352941174,90.72888888888889,3602.4705882352946,high,Q3,4,5,4,13
CUST-0368,45,45,506,6093.21,113,2.6679841897233203,135.40466666666666,361.2575098814229,medium,Q3,2,3,3,8
CUST-0369,27,27,711,5015.12,76,1.139240506329114,185.7451851851852,211.6084388185654,low,Q2,3,2,3,8
CUST-0370,73,73,567,788.63,72,3.8624338624338628,10.803150684931508,41.72645502645503,medium,Q1,4,4,1,9
CUST-0371,26,26,437,3176.02,89,1.7848970251716247,122.15461538461538,218.033409610984,low,Q2,3,2,2,7
CUST-0372,47,47,554,3820.19,46,2.545126353790614,81.28063829787234,206.86949458483755,medium,Q2,4,3,3,10
CUST-0373,86,86,535,18462.24,33,4.822429906542056,214.6772093023256,1035.2657943925235,medium,Q4,5,5,5,15
CUST-0374,56,56,65,10177.04,1,25.846153846153847,181.73285714285717,4697.095384615385,high,Q4,5,3,4,12
CUST-0375,94,94,714,14230.29,147,3.949579831932773,151.38606382978725,597.9113445378151,medium,Q4,1,5,5,11
CUST-0376,63,63,49,4822.26,31,38.57142857142857,76.54380952380953,2952.4040816326533,high,Q2,5,4,3,12
CUST-0377,48,48,350,10967.11,142,4.114285714285715,228.48145833333334,940.0380000000001,medium,Q4,2,3,4,9
CUST-0378,61,61,541,1270.27,53,3.3826247689463953,20.824098360655736,70.44011090573012,medium,Q1,4,4,1,9
CUST-0379,81,81,429,2938.05,48,5.664335664335664,36.272222222222226,205.45804195804197,medium,Q2,4,5,2,11
CUST-0380,26,26,683,2703.77,69,1.1420204978038069,103.99115384615385,118.76002928257687,low,Q2,4,2,2,8
CUST-0381,36,36,500,1435.14,105,2.1599999999999997,39.865,86.1084,medium,Q1,3,2,1,6
CUST-0382,1,1,172,239.54,90,0.1744186046511628,239.54,41.78023255813953,low,Q1,3,1,1,5
CUST-0383,8,8,121,1612.14,63,1.9834710743801653,201.5175,399.70413223140497,low,Q1,4,1,2,7
CUST-0384,99,99,383,7143.43,73,7.754569190600522,72.1558585858586,559.5375979112272,medium,Q3,3,5,4,12
CUST-0385,52,52,80,7865.16,161,19.5,151.25307692307692,2949.435,high,Q3,1,3,4,8
CUST-0386,79,79,694,19414.99,169,3.414985590778098,245.7593670886076,839.2646974063401,medium,Q4,1,4,5,10
CUST-0387,47,47,727,10443.76,89,1.9394773039889959,222.2076595744681,430.9667125171939,low,Q4,3,3,4,10
CUST-0388,56,56,604,8634.73,176,2.781456953642384,154.19160714285712,428.8773178807947,medium,Q3,1,3,4,8
CUST-0389,86,86,219,19512.86,13,11.78082191780822,226.89372093023258,2672.9945205479453,high,Q4,5,5,5,15
CUST-0390,14,14,154,3463.66,73,2.727272727272727,247.4042857142857,674.738961038961,medium,Q2,3,1,2,6
CUST-0391,90,90,179,16956.42,77,15.083798882681563,188.40466666666666,2841.858100558659,high,Q4,3,5,5,13
CUST-0392,28,28,343,716.71,159,2.4489795918367347,25.596785714285716,62.686005830903795,medium,Q1,1,2,1,4
CUST-0393,87,87,599,9255.0,68,4.357262103505843,106.37931034482759,463.5225375626044,medium,Q3,4,5,4,13
CUST-0394,78,78,371,16464.1,98,6.307277628032344,211.0782051282051,1331.3288409703503,medium,Q4,3,4,5,12
CUST-0395,88,88,334,5749.62,125,7.904191616766467,65.3365909090909,516.4329341317365,medium,Q3,2,5,3,10
CUST-0396,2,2,721,418.71,102,0.08321775312066573,209.355,17.422052704576974,low,Q1,3,1,1,5
CUST-0397,26,26,711,1010.91,132,1.0970464135021096,38.88115384615384,42.654430379746834,low,Q1,2,2,1,5
CUST-0398,14,14,83,297.74,102,5.0602409638554215,21.267142857142858,107.61686746987952,medium,Q1,3,1,1,5
CUST-0399,59,59,473,6028.72,19,3.742071881606765,102.18169491525424,382.37124735729384,medium,Q3,5,3,3,11
CUST-0400,56,56,642,1053.68,82,2.6168224299065423,18.815714285714286,49.2373831775701,medium,Q1,3,3,1,7
CUST-0401,7,7,293,1678.21,141,0.7167235494880545,239.74428571428572,171.83037542662115,low,Q1,2,1,2,5
CUST-0402,3,3,82,624.87,23,1.0975609756097562,208.29,228.61097560975608,low,Q1,5,1,1,7
CUST-0403,23,23,601,4650.25,83,1.1480865224625623,202.18478260869566,232.12562396006655,low,Q2,3,2,3,8
CUST-0404,18,18,649,2900.64,109,0.8320493066255779,161.14666666666665,134.0819722650231,low,Q2,2,1,2,5
CUST-0405,38,38,34,2352.88,75,33.529411764705884,61.91789473684211,2076.070588235294,high,Q2,3,2,2,7
CUST-0406,99,99,132,13303.87,129,22.499999999999996,134.38252525252526,3023.606818181818,high,Q4,2,5,5,12
CUST-0407,15,15,225,2300.19,88,2.0,153.346,306.692,low,Q2,3,1,2,6
CUST-0408,64,64,379,8704.48,54,5.065963060686016,136.0075,689.0089709762533,medium,Q3,4,4,4,12
CUST-0409,89,89,76,6448.58,89,35.131578947368425,72.45595505617977,2545.492105263158,high,Q3,3,5,3,11
CUST-0410,28,28,685,3742.47,143,1.2262773722627738,133.65964285714284,163.90379562043796,low,Q2,2,2,3,7
CUST-0411,74,74,298,9463.47,65,7.449664429530201,127.88472972972973,952.698322147651,medium,Q3,4,4,4,12
CUST-0412,39,39,399,9715.7,76,2.932330827067669,249.12051282051283,730.5037593984963,medium,Q3,3,3,4,10
CUST-0413,57,57,665,12846.93,143,2.571428571428571,225.38473684210527,579.5607518796992,medium,Q4,2,3,5,10
CUST-0414,17,17,135,2060.59,149,3.7777777777777777,121.21117647058824,457.9088888888889,medium,Q2,1,1,2,4
CUST-0415,86,86,699,13717.43,147,3.6909871244635193,159.505,588.7309012875536,medium,Q4,1,5,5,11
CUST-0416,90,90,688,17054.03,60,3.9244186046511627,189.4892222222222,743.6350290697674,medium,Q4,4,5,5,14
CUST-0417,44,44,686,808.18,93,1.9241982507288629,18.367727272727272,35.34314868804665,low,Q1,3,3,1,7
CUST-0418,25,25,149,5619.53,161,5.033557046979865,224.78119999999998,1131.4489932885906,medium,Q3,1,2,3,6
CUST-0419,17,17,633,3679.32,49,0.8056872037914692,216.43058823529412,174.37535545023695,low,Q2,4,1,3,8
CUST-0420,13,13,87,1557.19,35,4.482758620689656,119.78384615384616,536.9620689655172,medium,Q1,4,1,1,6
CUST-0421,84,84,375,8725.98,172,6.72,103.88071428571428,698.0784,medium,Q3,1,5,4,10
CUST-0422,25,25,503,1887.76,102,1.4910536779324057,75.5104,112.59005964214712,low,Q1,3,2,2,7
CUST-0423,68,68,146,8459.37,11,13.972602739726028,124.40250000000002,1738.2267123287675,high,Q3,5,4,4,13
CUST-0424,10,10,156,206.5,99,1.923076923076923,20.65,39.71153846153846,low,Q1,3,1,1,5
CUST-0425,67,67,422,14373.27,110,4.76303317535545,214.52641791044778,1021.7964454976304,medium,Q4,2,4,5,11
CUST-0426,18,18,670,333.02,74,0.8059701492537313,18.50111111111111,14.91134328358209,low,Q1,3,1,1,5
CUST-0427,86,86,87,7651.62,174,29.655172413793103,88.97232558139535,2638.4896551724137,high,Q3,1,5,4,10
CUST-0428,34,34,663,7941.77,9,1.5384615384615383,233.5814705882353,359.3561085972851,low,Q3,5,2,4,11
CUST-0429,8,8,542,1491.61,3,0.44280442804428044,186.45125,82.56143911439113,low,Q1,5,1,1,7
CUST-0430,40,40,125,3101.35,85,9.6,77.53375,744.324,medium,Q2,3,3,2,8
CUST-0431,83,83,667,5862.77,26,3.733133433283358,70.63578313253012,263.6928035982009,medium,Q3,5,5,3,13
CUST-0432,42,42,147,471.23,72,8.571428571428571,11.219761904761905,96.16938775510204,medium,Q1,4,3,1,8
CUST-0433,41,41,589,7255.83,48,2.0882852292020373,176.97146341463414,369.56689303904926,medium,Q3,4,3,4,11
CUST-0434,6,6,630,130.25,156,0.2857142857142857,21.708333333333332,6.2023809523809526,low,Q1,1,1,1,3
CUST-0435,52,52,517,7166.88,117,3.0174081237911023,137.82461538461538,415.8731141199226,medium,Q3,2,3,4,9
CUST-0436,26,26,266,6263.64,154,2.932330827067669,240.9092307692308,706.4255639097744,medium,Q3,1,2,3,6
CUST-0437,64,64,301,2321.44,153,6.378737541528239,36.2725,231.37275747508306,medium,Q2,1,4,2,7
CUST-0438,98,98,218,22018.17,12,13.486238532110091,224.67520408163264,3030.0233944954125,high,Q4,5,5,5,15
CUST-0439,59,59,476,14629.29,133,3.718487394957983,247.9540677966102,922.0140756302521,medium,Q4,2,3,5,10
CUST-0440,56,56,610,1386.79,48,2.7540983606557377,24.764107142857142,68.2027868852459,medium,Q1,4,3,1,8
CUST-0441,59,59,276,13091.95,37,6.41304347826087,221.89745762711865,1423.038043478261,medium,Q4,4,3,5,12
CUST-0442,70,70,105,9370.13,44,20.0,133.85899999999998,2677.18,high,Q3,4,4,4,12
CUST-0443,33,33,183,7509.59,15,5.409836065573771,227.56333333333333,1231.0803278688525,medium,Q3,5,2,4,11
CUST-0444,53,53,685,7797.18,43,2.321167883211679,147.1166037735849,341.4823357664234,medium,Q3,4,3,4,11
CUST-0445,22,22,464,3715.95,176,1.4224137931034482,168.90681818181818,240.25538793103448,low,Q2,1,2,3,6
CUST-0446,21,21,115,2950.65,87,5.478260869565217,140.50714285714287,769.7347826086957,medium,Q2,3,2,2,7
CUST-0447,70,70,726,15223.48,70,2.8925619834710745,217.4782857142857,629.0694214876033,medium,Q4,4,4,5,13
CUST-0448,70,70,314,13029.69,46,6.687898089171974,186.1384285714286,1244.8748407643313,medium,Q4,4,4,5,13
CUST-0449,4,4,249,540.41,108,0.48192771084337344,135.1025,65.10963855421686,low,Q1,2,1,1,4
CUST-0450,94,94,98,20525.71,123,28.775510204081634,218.3586170212766,6283.380612244898,high,Q4,2,5,5,12
CUST-0451,75,75,76,5165.14,171,29.60526315789474,68.86853333333333,2038.8710526315792,high,Q3,1,4,3,8
CUST-0452,62,62,123,2961.23,21,15.121951219512196,47.76177419354839,722.2512195121952,high,Q2,5,4,2,11
CUST-0453,62,62,482,3006.75,151,3.858921161825726,48.49596774193548,187.1421161825726,medium,Q2,1,4,2,7
CUST-0454,94,94,233,8475.24,107,12.103004291845494,90.16212765957447,1091.232618025751,high,Q3,3,5,4,12
CUST-0455,95,95,247,6392.13,80,11.53846153846154,67.28557894736842,776.372064777328,high,Q3,3,5,3,11
CUST-0456,24,24,503,5597.32,47,1.4314115308151094,233.22166666666666,333.8361829025845,low,Q3,4,2,3,9
CUST-0457,55,55,461,1947.01,117,3.579175704989154,35.40018181818182,126.70347071583514,medium,Q1,2,3,2,7
CUST-0458,9,9,370,1599.82,124,0.7297297297297297,177.75777777777776,129.7151351351351,low,Q1,2,1,2,5
CUST-0459,3,3,580,166.24,143,0.15517241379310345,55.413333333333334,8.598620689655174,low,Q1,2,1,1,4
CUST-0460,31,31,641,6869.38,25,1.4508580343213728,221.59290322580645,321.4998439937597,low,Q3,5,2,4,11
CUST-0461,40,40,318,9628.63,36,3.7735849056603774,240.71574999999999,908.361320754717,medium,Q3,4,3,4,11
CUST-0462,36,36,283,4381.66,51,3.8162544169611308,121.71277777777777,464.48692579505297,medium,Q2,4,2,3,9
CUST-0463,24,24,386,5303.45,15,1.8652849740932642,220.97708333333333,412.18523316062175,low,Q3,5,2,3,10
CUST-0464,95,95,52,1067.31,68,54.80769230769231,11.234842105263157,615.7557692307691,high,Q1,4,5,1,10
CUST-0465,6,6,551,1240.72,21,0.32667876588021777,206.78666666666666,67.55281306715064,low,Q1,5,1,1,7
CUST-0466,66,66,129,4281.42,141,15.348837209302326,64.87,995.6790697674419,high,Q2,2,4,3,9
CUST-0467,84,84,209,19159.42,19,12.057416267942584,228.0883333333333,2750.1559808612437,high,Q4,5,5,5,15
CUST-0468,92,92,252,944.73,34,10.952380952380953,10.268804347826087,112.46785714285714,high,Q1,4,5,1,10
CUST-0469,75,75,688,10761.27,78,3.270348837209302,143.4836,469.24142441860465,medium,Q4,3,4,4,11
CUST-0470,4,4,471,766.37,125,0.25477707006369427,191.5925,48.81337579617835,low,Q1,2,1,1,4
CUST-0471,79,79,637,5694.73,117,3.7205651491365774,72.08518987341772,268.1976452119309,medium,Q3,2,4,3,9
CUST-0472,6,6,354,338.11,52,0.5084745762711864,56.35166666666667,28.653389830508473,low,Q1,4,1,1,6
CUST-0473,94,94,545,2837.26,27,5.174311926605505,30.183617021276596,156.1794495412844,medium,Q2,5,5,2,12
CUST-0474,51,51,45,4505.55,157,34.0,88.34411764705882,3003.7000000000003,high,Q2,1,3,3,7
CUST-0475,62,62,365,8950.48,156,5.095890410958904,144.36258064516127,735.6558904109589,medium,Q3,1,4,4,9
CUST-0476,57,57,287,2154.74,35,5.958188153310105,37.80245614035087,225.2341463414634,medium,Q2,4,3,2,9
CUST-0477,66,66,526,6626.85,136,3.7642585551330794,100.40681818181818,377.95722433460077,medium,Q3,2,4,4,10
CUST-0478,79,79,189,962.01,144,12.53968253968254,12.177341772151898,152.70000000000002,high,Q1,2,4,1,7
CUST-0479,75,75,504,15486.23,106,4.464285714285714,206.48306666666667,921.7994047619047,medium,Q4,3,4,5,12
CUST-0480,8,8,693,326.62,164,0.3463203463203463,40.8275,14.139393939393939,low,Q1,1,1,1,3
CUST-0481,26,26,719,2028.06,158,1.0848400556328235,78.0023076923077,84.62002781641169,low,Q1,1,2,2,5
CUST-0482,51,51,704,735.56,146,2.1732954545454546,14.422745098039215,31.344886363636363,medium,Q1,1,3,1,5
CUST-0483,45,45,409,5118.2,2,3.3007334963325183,113.73777777777778,375.41809290953546,medium,Q2,5,3,3,11
CUST-0484,44,44,574,9311.68,177,2.299651567944251,211.6290909090909,486.67317073170733,medium,Q3,1,3,4,8
CUST-0485,5,5,720,520.58,77,0.20833333333333334,104.11600000000001,21.690833333333334,low,Q1,3,1,1,5
CUST-0486,70,70,456,3715.56,132,4.605263157894737,53.07942857142857,244.44473684210527,medium,Q2,2,4,3,9
CUST-0487,26,26,642,4963.08,90,1.2149532710280375,190.8876923076923,231.9196261682243,low,Q2,3,2,3,8
CUST-0488,68,68,297,13553.33,89,6.8686868686868685,199.31367647058823,1369.0232323232324,medium,Q4,3,4,5,12
CUST-0489,19,19,606,982.32,94,0.9405940594059407,51.70105263157895,48.62970297029703,low,Q1,3,1,1,5
CUST-0490,84,84,446,16380.42,7,5.650224215246636,195.005,1101.8219730941703,medium,Q4,5,5,5,15
CUST-0491,97,97,197,23023.09,95,14.771573604060913,237.3514432989691,3506.0543147208123,high,Q4,3,5,5,13
CUST-0492,20,20,72,998.61,108,8.333333333333334,49.9305,416.08750000000003,medium,Q1,2,2,1,5
CUST-0493,12,12,585,2340.43,74,0.6153846153846154,195.03583333333333,120.02205128205128,low,Q2,3,1,2,6
CUST-0494,47,47,314,8462.69,39,4.490445859872612,180.0572340425532,808.5372611464968,medium,Q3,4,3,4,11
CUST-0495,1,1,426,123.66,141,0.07042253521126761,123.66,8.708450704225353,low,Q1,2,1,1,4
CUST-0496,90,90,41,2151.08,159,65.85365853658537,23.90088888888889,1573.960975609756,high,Q2,1,5,2,8
CUST-0497,14,14,636,390.97,71,0.6603773584905661,27.926428571428573,18.441981132075473,low,Q1,4,1,1,6
CUST-0498,64,64,331,13733.09,56,5.80060422960725,214.57953125,1244.6909365558913,medium,Q4,4,4,5,13
CUST-0499,38,38,282,9410.15,170,4.042553191489362,247.63552631578946,1001.0797872340424,medium,Q3,1,2,4,7
CUST-0500,37,37,528,6373.34,42,2.102272727272727,172.25243243243244,362.1215909090909,medium,Q3,4,2,3,9
