customer_id,name,segment,region
CUST-0001,Customer_1,B2B,North
CUST-0002,Customer_2,B2B,West
CUST-0003,Customer_3,Enterprise,West
CUST-0004,Customer_4,SMB,South
CUST-0005,Customer_5,Enterprise,North
CUST-0006,Customer_6,SMB,East
CUST-0007,Customer_7,SMB,West
CUST-0008,Customer_8,SMB,East
CUST-0009,Customer_9,Enterprise,East
CUST-0010,Customer_10,B2B,West
CUST-0011,Customer_11,SMB,East
CUST-0012,Customer_12,SMB,North
CUST-0013,Customer_13,SMB,West
CUST-0014,Customer_14,B2B,West
CUST-0015,Customer_15,Enterprise,North
CUST-0016,Customer_16,Enterprise,East
CUST-0017,Customer_17,SMB,North
CUST-0018,Customer_18,Enterprise,North
CUST-0019,Customer_19,Enterprise,South
CUST-0020,Customer_20,SMB,East
CUST-0021,Customer_21,Enterprise,South
CUST-0022,Customer_22,Enterprise,West
CUST-0023,Customer_23,SMB,West
CUST-0024,Customer_24,B2B,South
CUST-0025,Customer_25,B2B,West
CUST-0026,Customer_26,Enterprise,East
CUST-0027,Customer_27,SMB,West
CUST-0028,Customer_28,Enterprise,South
CUST-0029,Customer_29,Enterprise,West
CUST-0030,Customer_30,SMB,North
CUST-0031,Customer_31,B2B,North
CUST-0032,Customer_32,SMB,East
CUST-0033,Customer_33,B2B,North
CUST-0034,Customer_34,SMB,North
CUST-0035,Customer_35,B2B,North
CUST-0036,Customer_36,B2B,East
CUST-0037,Customer_37,SMB,East
CUST-0038,Customer_38,B2B,South
CUST-0039,Customer_39,SMB,South
CUST-0040,Customer_40,SMB,West
CUST-0041,Customer_41,B2B,East
CUST-0042,Customer_42,Enterprise,East
CUST-0043,Customer_43,B2B,West
CUST-0044,Customer_44,B2B,South
CUST-0045,Customer_45,B2B,North
CUST-0046,Customer_46,B2B,North
CUST-0047,Customer_47,B2B,North
CUST-0048,Customer_48,SMB,West
CUST-0049,Customer_49,SMB,East
CUST-0050,Customer_50,Enterprise,South
CUST-0051,Customer_51,B2B,North
CUST-0052,Customer_52,SMB,West
CUST-0053,Customer_53,SMB,East
CUST-0054,Customer_54,SMB,North
CUST-0055,Customer_55,Enterprise,East
CUST-0056,Customer_56,Enterprise,East
CUST-0057,Customer_57,SMB,North
CUST-0058,Customer_58,SMB,East
CUST-0059,Customer_59,SMB,South
CUST-0060,Customer_60,SMB,East
CUST-0061,Customer_61,B2B,West
CUST-0062,Customer_62,B2B,West
CUST-0063,Customer_63,Enterprise,South
CUST-0064,Customer_64,SMB,East
CUST-0065,Customer_65,B2B,East
CUST-0066,Customer_66,B2B,East
CUST-0067,Customer_67,Enterprise,West
CUST-0068,Customer_68,B2B,North
CUST-0069,Customer_69,B2B,North
CUST-0070,Customer_70,Enterprise,North
CUST-0071,Customer_71,SMB,South
CUST-0072,Customer_72,B2B,North
CUST-0073,Customer_73,SMB,South
CUST-0074,Customer_74,SMB,West
CUST-0075,Customer_75,B2B,South
CUST-0076,Customer_76,B2B,West
CUST-0077,Customer_77,B2B,West
CUST-0078,Customer_78,B2B,West
CUST-0079,Customer_79,Enterprise,West
CUST-0080,Customer_80,SMB,East
CUST-0081,Customer_81,SMB,West
CUST-0082,Customer_82,SMB,West
CUST-0083,Customer_83,B2B,South
CUST-0084,Customer_84,SMB,North
CUST-0085,Customer_85,B2B,West
CUST-0086,Customer_86,SMB,South
CUST-0087,Customer_87,Enterprise,East
CUST-0088,Customer_88,Enterprise,North
CUST-0089,Customer_89,B2B,West
CUST-0090,Customer_90,SMB,North
CUST-0091,Customer_91,B2B,South
CUST-0092,Customer_92,SMB,West
CUST-0093,Customer_93,Enterprise,North
CUST-0094,Customer_94,SMB,South
CUST-0095,Customer_95,B2B,North
CUST-0096,Customer_96,B2B,West
CUST-0097,Customer_97,B2B,South
CUST-0098,Customer_98,Enterprise,South
CUST-0099,Customer_99,Enterprise,North
CUST-0100,Customer_100,Enterprise,North
CUST-0101,Customer_101,Enterprise,East
CUST-0102,Customer_102,SMB,West
CUST-0103,Customer_103,Enterprise,West
CUST-0104,Customer_104,Enterprise,East
CUST-0105,Customer_105,B2B,East
CUST-0106,Customer_106,Enterprise,East
CUST-0107,Customer_107,B2B,North
CUST-0108,Customer_108,B2B,East
CUST-0109,Customer_109,Enterprise,West
CUST-0110,Customer_110,SMB,West
CUST-0111,Customer_111,SMB,East
CUST-0112,Customer_112,SMB,South
CUST-0113,Customer_113,B2B,East
CUST-0114,Customer_114,B2B,West
CUST-0115,Customer_115,B2B,South
CUST-0116,Customer_116,SMB,West
CUST-0117,Customer_117,SMB,North
CUST-0118,Customer_118,Enterprise,South
CUST-0119,Customer_119,B2B,South
CUST-0120,Customer_120,SMB,South
CUST-0121,Customer_121,Enterprise,East
CUST-0122,Customer_122,SMB,North
CUST-0123,Customer_123,B2B,East
CUST-0124,Customer_124,Enterprise,North
CUST-0125,Customer_125,SMB,West
CUST-0126,Customer_126,SMB,East
CUST-0127,Customer_127,SMB,East
CUST-0128,Customer_128,B2B,West
CUST-0129,Customer_129,Enterprise,South
CUST-0130,Customer_130,Enterprise,East
CUST-0131,Customer_131,Enterprise,South
CUST-0132,Customer_132,B2B,North
CUST-0133,Customer_133,B2B,East
CUST-0134,Customer_134,B2B,South
CUST-0135,Customer_135,B2B,South
CUST-0136,Customer_136,SMB,West
CUST-0137,Customer_137,Enterprise,West
CUST-0138,Customer_138,Enterprise,North
CUST-0139,Customer_139,B2B,East
CUST-0140,Customer_140,Enterprise,South
CUST-0141,Customer_141,B2B,East
CUST-0142,Customer_142,SMB,East
CUST-0143,Customer_143,B2B,South
CUST-0144,Customer_144,B2B,North
CUST-0145,Customer_145,Enterprise,North
CUST-0146,Customer_146,SMB,North
CUST-0147,Customer_147,Enterprise,West
CUST-0148,Customer_148,Enterprise,West
CUST-0149,Customer_149,Enterprise,West
CUST-0150,Customer_150,SMB,North
CUST-0151,Customer_151,SMB,East
CUST-0152,Customer_152,B2B,East
CUST-0153,Customer_153,B2B,South
CUST-0154,Customer_154,Enterprise,East
CUST-0155,Customer_155,Enterprise,East
CUST-0156,Customer_156,Enterprise,West
CUST-0157,Customer_157,SMB,North
CUST-0158,Customer_158,B2B,North
CUST-0159,Customer_159,Enterprise,North
CUST-0160,Customer_160,Enterprise,West
CUST-0161,Customer_161,B2B,North
CUST-0162,Customer_162,Enterprise,South
CUST-0163,Customer_163,B2B,West
CUST-0164,Customer_164,SMB,West
CUST-0165,Customer_165,B2B,South
CUST-0166,Customer_166,SMB,North
CUST-0167,Customer_167,B2B,South
CUST-0168,Customer_168,SMB,West
CUST-0169,Customer_169,Enterprise,North
CUST-0170,Customer_170,SMB,North
CUST-0171,Customer_171,SMB,East
CUST-0172,Customer_172,B2B,East
CUST-0173,Customer_173,SMB,West
CUST-0174,Customer_174,SMB,South
CUST-0175,Customer_175,Enterprise,West
CUST-0176,Customer_176,B2B,North
CUST-0177,Customer_177,Enterprise,East
CUST-0178,Customer_178,SMB,South
CUST-0179,Customer_179,SMB,West
CUST-0180,Customer_180,B2B,South
CUST-0181,Customer_181,B2B,South
CUST-0182,Customer_182,Enterprise,South
CUST-0183,Customer_183,Enterprise,South
CUST-0184,Customer_184,B2B,North
CUST-0185,Customer_185,Enterprise,South
CUST-0186,Customer_186,B2B,South
CUST-0187,Customer_187,SMB,South
CUST-0188,Customer_188,SMB,East
CUST-0189,Customer_189,B2B,West
CUST-0190,Customer_190,SMB,South
CUST-0191,Customer_191,SMB,North
CUST-0192,Customer_192,B2B,South
CUST-0193,Customer_193,Enterprise,North
CUST-0194,Customer_194,B2B,North
CUST-0195,Customer_195,SMB,East
CUST-0196,Customer_196,Enterprise,North
CUST-0197,Customer_197,B2B,South
CUST-0198,Customer_198,B2B,West
CUST-0199,Customer_199,SMB,North
CUST-0200,Customer_200,Enterprise,West
CUST-0201,Customer_201,Enterprise,North
CUST-0202,Customer_202,B2B,West
CUST-0203,Customer_203,B2B,West
CUST-0204,Customer_204,Enterprise,North
CUST-0205,Customer_205,SMB,West
CUST-0206,Customer_206,B2B,East
CUST-0207,Customer_207,B2B,South
CUST-0208,Customer_208,B2B,East
CUST-0209,Customer_209,Enterprise,West
CUST-0210,Customer_210,Enterprise,East
CUST-0211,Customer_211,Enterprise,West
CUST-0212,Customer_212,B2B,South
CUST-0213,Customer_213,B2B,North
CUST-0214,Customer_214,SMB,West
CUST-0215,Customer_215,B2B,East
CUST-0216,Customer_216,SMB,East
CUST-0217,Customer_217,SMB,South
CUST-0218,Customer_218,Enterprise,North
CUST-0219,Customer_219,B2B,North
CUST-0220,Customer_220,B2B,West
CUST-0221,Customer_221,B2B,East
CUST-0222,Customer_222,Enterprise,West
CUST-0223,Customer_223,B2B,North
CUST-0224,Customer_224,Enterprise,East
CUST-0225,Customer_225,B2B,South
CUST-0226,Customer_226,Enterprise,North
CUST-0227,Customer_227,B2B,South
CUST-0228,Customer_228,SMB,East
CUST-0229,Customer_229,Enterprise,South
CUST-0230,Customer_230,B2B,North
CUST-0231,Customer_231,B2B,East
CUST-0232,Customer_232,B2B,East
CUST-0233,Customer_233,Enterprise,East
CUST-0234,Customer_234,SMB,South
CUST-0235,Customer_235,B2B,South
CUST-0236,Customer_236,B2B,West
CUST-0237,Customer_237,B2B,North
CUST-0238,Customer_238,Enterprise,South
CUST-0239,Customer_239,B2B,East
CUST-0240,Customer_240,B2B,East
CUST-0241,Customer_241,B2B,North
CUST-0242,Customer_242,SMB,West
CUST-0243,Customer_243,Enterprise,North
CUST-0244,Customer_244,Enterprise,West
CUST-0245,Customer_245,B2B,East
CUST-0246,Customer_246,B2B,North
CUST-0247,Customer_247,B2B,South
CUST-0248,Customer_248,SMB,East
CUST-0249,Customer_249,B2B,North
CUST-0250,Customer_250,SMB,West
CUST-0251,Customer_251,Enterprise,East
CUST-0252,Customer_252,SMB,East
CUST-0253,Customer_253,Enterprise,West
CUST-0254,Customer_254,SMB,South
CUST-0255,Customer_255,SMB,West
CUST-0256,Customer_256,Enterprise,West
CUST-0257,Customer_257,SMB,North
CUST-0258,Customer_258,SMB,South
CUST-0259,Customer_259,SMB,North
CUST-0260,Customer_260,B2B,South
CUST-0261,Customer_261,B2B,North
CUST-0262,Customer_262,Enterprise,East
CUST-0263,Customer_263,Enterprise,West
CUST-0264,Customer_264,B2B,South
CUST-0265,Customer_265,B2B,West
CUST-0266,Customer_266,SMB,South
CUST-0267,Customer_267,B2B,West
CUST-0268,Customer_268,Enterprise,East
CUST-0269,Customer_269,SMB,West
CUST-0270,Customer_270,Enterprise,West
CUST-0271,Customer_271,SMB,South
CUST-0272,Customer_272,Enterprise,South
CUST-0273,Customer_273,SMB,West
CUST-0274,Customer_274,Enterprise,West
CUST-0275,Customer_275,SMB,North
CUST-0276,Customer_276,Enterprise,North
CUST-0277,Customer_277,B2B,West
CUST-0278,Customer_278,B2B,South
CUST-0279,Customer_279,B2B,East
CUST-0280,Customer_280,SMB,North
CUST-0281,Customer_281,Enterprise,East
CUST-0282,Customer_282,Enterprise,East
CUST-0283,Customer_283,B2B,West
CUST-0284,Customer_284,B2B,South
CUST-0285,Customer_285,Enterprise,East
CUST-0286,Customer_286,SMB,East
CUST-0287,Customer_287,SMB,East
CUST-0288,Customer_288,B2B,North
CUST-0289,Customer_289,B2B,West
CUST-0290,Customer_290,B2B,South
CUST-0291,Customer_291,SMB,North
CUST-0292,Customer_292,SMB,North
CUST-0293,Customer_293,Enterprise,West
CUST-0294,Customer_294,Enterprise,West
CUST-0295,Customer_295,SMB,East
CUST-0296,Customer_296,Enterprise,West
CUST-0297,Customer_297,Enterprise,North
CUST-0298,Customer_298,Enterprise,East
CUST-0299,Customer_299,SMB,North
CUST-0300,Customer_300,B2B,West
CUST-0301,Customer_301,SMB,East
CUST-0302,Customer_302,Enterprise,North
CUST-0303,Customer_303,SMB,East
CUST-0304,Customer_304,B2B,South
CUST-0305,Customer_305,SMB,West
CUST-0306,Customer_306,Enterprise,South
CUST-0307,Customer_307,Enterprise,South
CUST-0308,Customer_308,B2B,West
CUST-0309,Customer_309,B2B,South
CUST-0310,Customer_310,Enterprise,North
CUST-0311,Customer_311,SMB,North
CUST-0312,Customer_312,Enterprise,West
CUST-0313,Customer_313,Enterprise,South
CUST-0314,Customer_314,B2B,North
CUST-0315,Customer_315,SMB,South
CUST-0316,Customer_316,SMB,North
CUST-0317,Customer_317,Enterprise,East
CUST-0318,Customer_318,B2B,East
CUST-0319,Customer_319,Enterprise,South
CUST-0320,Customer_320,Enterprise,North
CUST-0321,Customer_321,SMB,East
CUST-0322,Customer_322,B2B,West
CUST-0323,Customer_323,B2B,South
CUST-0324,Customer_324,SMB,South
CUST-0325,Customer_325,SMB,North
CUST-0326,Customer_326,SMB,East
CUST-0327,Customer_327,B2B,West
CUST-0328,Customer_328,B2B,West
CUST-0329,Customer_329,SMB,West
CUST-0330,Customer_330,Enterprise,West
CUST-0331,Customer_331,SMB,South
CUST-0332,Customer_332,SMB,West
CUST-0333,Customer_333,Enterprise,East
CUST-0334,Customer_334,Enterprise,East
CUST-0335,Customer_335,B2B,West
CUST-0336,Customer_336,B2B,North
CUST-0337,Customer_337,B2B,South
CUST-0338,Customer_338,B2B,West
CUST-0339,Customer_339,B2B,West
CUST-0340,Customer_340,B2B,West
CUST-0341,Customer_341,B2B,North
CUST-0342,Customer_342,B2B,South
CUST-0343,Customer_343,Enterprise,West
CUST-0344,Customer_344,SMB,North
CUST-0345,Customer_345,B2B,South
CUST-0346,Customer_346,SMB,North
CUST-0347,Customer_347,Enterprise,South
CUST-0348,Customer_348,SMB,West
CUST-0349,Customer_349,B2B,East
CUST-0350,Customer_350,Enterprise,West
CUST-0351,Customer_351,SMB,West
CUST-0352,Customer_352,B2B,West
CUST-0353,Customer_353,B2B,East
CUST-0354,Customer_354,B2B,East
CUST-0355,Customer_355,SMB,North
CUST-0356,Customer_356,SMB,North
CUST-0357,Customer_357,Enterprise,North
CUST-0358,Customer_358,Enterprise,North
CUST-0359,Customer_359,Enterprise,South
CUST-0360,Customer_360,Enterprise,North
CUST-0361,Customer_361,SMB,West
CUST-0362,Customer_362,SMB,East
CUST-0363,Customer_363,Enterprise,East
CUST-0364,Customer_364,SMB,East
CUST-0365,Customer_365,SMB,South
CUST-0366,Customer_366,SMB,North
CUST-0367,Customer_367,Enterprise,North
CUST-0368,Customer_368,B2B,South
CUST-0369,Customer_369,Enterprise,South
CUST-0370,Customer_370,B2B,South
CUST-0371,Customer_371,Enterprise,South
CUST-0372,Customer_372,Enterprise,East
CUST-0373,Customer_373,Enterprise,North
CUST-0374,Customer_374,Enterprise,East
CUST-0375,Customer_375,SMB,West
CUST-0376,Customer_376,Enterprise,North
CUST-0377,Customer_377,B2B,West
CUST-0378,Customer_378,Enterprise,North
CUST-0379,Customer_379,SMB,South
CUST-0380,Customer_380,B2B,West
CUST-0381,Customer_381,Enterprise,West
CUST-0382,Customer_382,Enterprise,West
CUST-0383,Customer_383,Enterprise,South
CUST-0384,Customer_384,B2B,West
CUST-0385,Customer_385,B2B,East
CUST-0386,Customer_386,B2B,South
CUST-0387,Customer_387,SMB,East
CUST-0388,Customer_388,B2B,South
CUST-0389,Customer_389,Enterprise,North
CUST-0390,Customer_390,SMB,North
CUST-0391,Customer_391,Enterprise,North
CUST-0392,Customer_392,SMB,North
CUST-0393,Customer_393,SMB,West
CUST-0394,Customer_394,B2B,West
CUST-0395,Customer_395,SMB,West
CUST-0396,Customer_396,Enterprise,South
CUST-0397,Customer_397,Enterprise,North
CUST-0398,Customer_398,Enterprise,East
CUST-0399,Customer_399,Enterprise,North
CUST-0400,Customer_400,Enterprise,North
CUST-0401,Customer_401,B2B,East
CUST-0402,Customer_402,B2B,East
CUST-0403,Customer_403,B2B,West
CUST-0404,Customer_404,SMB,West
CUST-0405,Customer_405,Enterprise,North
CUST-0406,Customer_406,Enterprise,North
CUST-0407,Customer_407,SMB,South
CUST-0408,Customer_408,B2B,East
CUST-0409,Customer_409,SMB,North
CUST-0410,Customer_410,SMB,West
CUST-0411,Customer_411,SMB,South
CUST-0412,Customer_412,B2B,North
CUST-0413,Customer_413,SMB,North
CUST-0414,Customer_414,Enterprise,South
CUST-0415,Customer_415,B2B,North
CUST-0416,Customer_416,SMB,East
CUST-0417,Customer_417,SMB,East
CUST-0418,Customer_418,B2B,East
CUST-0419,Customer_419,SMB,West
CUST-0420,Customer_420,B2B,North
CUST-0421,Customer_421,SMB,West
CUST-0422,Customer_422,Enterprise,West
CUST-0423,Customer_423,SMB,South
CUST-0424,Customer_424,Enterprise,East
CUST-0425,Customer_425,SMB,South
CUST-0426,Customer_426,B2B,East
CUST-0427,Customer_427,B2B,East
CUST-0428,Customer_428,SMB,North
CUST-0429,Customer_429,B2B,West
CUST-0430,Customer_430,Enterprise,North
CUST-0431,Customer_431,B2B,South
CUST-0432,Customer_432,Enterprise,South
CUST-0433,Customer_433,SMB,North
CUST-0434,Customer_434,SMB,North
CUST-0435,Customer_435,SMB,South
CUST-0436,Customer_436,Enterprise,South
CUST-0437,Customer_437,Enterprise,South
CUST-0438,Customer_438,Enterprise,North
CUST-0439,Customer_439,B2B,South
CUST-0440,Customer_440,B2B,East
CUST-0441,Customer_441,B2B,North
CUST-0442,Customer_442,Enterprise,East
CUST-0443,Customer_443,Enterprise,South
CUST-0444,Customer_444,B2B,North
CUST-0445,Customer_445,B2B,West
CUST-0446,Customer_446,Enterprise,East
CUST-0447,Customer_447,SMB,South
CUST-0448,Customer_448,SMB,West
CUST-0449,Customer_449,SMB,West
CUST-0450,Customer_450,B2B,East
CUST-0451,Customer_451,B2B,North
CUST-0452,Customer_452,SMB,East
CUST-0453,Customer_453,B2B,North
CUST-0454,Customer_454,Enterprise,South
CUST-0455,Customer_455,SMB,North
CUST-0456,Customer_456,B2B,West
CUST-0457,Customer_457,B2B,West
CUST-0458,Customer_458,Enterprise,South
CUST-0459,Customer_459,B2B,East
CUST-0460,Customer_460,Enterprise,South
CUST-0461,Customer_461,B2B,South
CUST-0462,Customer_462,B2B,West
CUST-0463,Customer_463,B2B,West
CUST-0464,Customer_464,B2B,West
CUST-0465,Customer_465,Enterprise,North
CUST-0466,Customer_466,B2B,South
CUST-0467,Customer_467,Enterprise,West
CUST-0468,Customer_468,Enterprise,South
CUST-0469,Customer_469,B2B,North
CUST-0470,Customer_470,Enterprise,East
CUST-0471,Customer_471,B2B,East
CUST-0472,Customer_472,B2B,East
CUST-0473,Customer_473,SMB,West
CUST-0474,Customer_474,B2B,West
CUST-0475,Customer_475,B2B,West
CUST-0476,Customer_476,B2B,North
CUST-0477,Customer_477,SMB,East
CUST-0478,Customer_478,B2B,North
CUST-0479,Customer_479,SMB,West
CUST-0480,Customer_480,Enterprise,South
CUST-0481,Customer_481,SMB,East
CUST-0482,Customer_482,Enterprise,South
CUST-0483,Customer_483,SMB,East
CUST-0484,Customer_484,Enterprise,West
CUST-0485,Customer_485,B2B,East
CUST-0486,Customer_486,B2B,South
CUST-0487,Customer_487,SMB,South
CUST-0488,Customer_488,SMB,North
CUST-0489,Customer_489,Enterprise,East
CUST-0490,Customer_490,B2B,East
CUST-0491,Customer_491,Enterprise,North
CUST-0492,Customer_492,Enterprise,East
CUST-0493,Customer_493,SMB,North
CUST-0494,Customer_494,SMB,South
CUST-0495,Customer_495,SMB,West
CUST-0496,Customer_496,Enterprise,East
CUST-0497,Customer_497,B2B,East
CUST-0498,Customer_498,Enterprise,East
CUST-0499,Customer_499,B2B,South
CUST-0500,Customer_500,B2B,North
CUST-0501,Customer_501,SMB,South
CUST-0502,Customer_502,B2B,North
CUST-0503,Customer_503,Enterprise,East
CUST-0504,Customer_504,Enterprise,South
CUST-0505,Customer_505,Enterprise,East
CUST-0506,Customer_506,SMB,East
CUST-0507,Customer_507,B2B,South
CUST-0508,Customer_508,B2B,West
CUST-0509,Customer_509,SMB,North
CUST-0510,Customer_510,SMB,North
CUST-0511,Customer_511,Enterprise,West
CUST-0512,Customer_512,B2B,East
CUST-0513,Customer_513,Enterprise,North
CUST-0514,Customer_514,B2B,South
CUST-0515,Customer_515,SMB,South
CUST-0516,Customer_516,Enterprise,North
CUST-0517,Customer_517,Enterprise,South
CUST-0518,Customer_518,B2B,South
CUST-0519,Customer_519,Enterprise,North
CUST-0520,Customer_520,SMB,North
CUST-0521,Customer_521,Enterprise,South
CUST-0522,Customer_522,Enterprise,West
CUST-0523,Customer_523,Enterprise,East
CUST-0524,Customer_524,Enterprise,East
CUST-0525,Customer_525,SMB,North
CUST-0526,Customer_526,Enterprise,West
CUST-0527,Customer_527,B2B,South
CUST-0528,Customer_528,Enterprise,South
CUST-0529,Customer_529,B2B,West
CUST-0530,Customer_530,Enterprise,West
CUST-0531,Customer_531,B2B,West
CUST-0532,Customer_532,B2B,East
CUST-0533,Customer_533,Enterprise,North
CUST-0534,Customer_534,B2B,South
CUST-0535,Customer_535,SMB,North
CUST-0536,Customer_536,Enterprise,South
CUST-0537,Customer_537,B2B,South
CUST-0538,Customer_538,Enterprise,North
CUST-0539,Customer_539,SMB,East
CUST-0540,Customer_540,B2B,North
CUST-0541,Customer_541,B2B,East
CUST-0542,Customer_542,SMB,North
CUST-0543,Customer_543,Enterprise,South
CUST-0544,Customer_544,SMB,North
CUST-0545,Customer_545,SMB,North
CUST-0546,Customer_546,SMB,East
CUST-0547,Customer_547,Enterprise,East
CUST-0548,Customer_548,SMB,West
CUST-0549,Customer_549,B2B,North
CUST-0550,Customer_550,Enterprise,East
CUST-0551,Customer_551,Enterprise,South
CUST-0552,Customer_552,B2B,South
CUST-0553,Customer_553,Enterprise,West
CUST-0554,Customer_554,Enterprise,North
CUST-0555,Customer_555,SMB,North
CUST-0556,Customer_556,Enterprise,South
CUST-0557,Customer_557,Enterprise,South
CUST-0558,Customer_558,Enterprise,South
CUST-0559,Customer_559,Enterprise,South
CUST-0560,Customer_560,SMB,South
CUST-0561,Customer_561,SMB,North
CUST-0562,Customer_562,B2B,North
CUST-0563,Customer_563,B2B,West
CUST-0564,Customer_564,SMB,West
CUST-0565,Customer_565,SMB,East
CUST-0566,Customer_566,B2B,North
CUST-0567,Customer_567,B2B,North
CUST-0568,Customer_568,Enterprise,North
CUST-0569,Customer_569,SMB,South
CUST-0570,Customer_570,Enterprise,South
CUST-0571,Customer_571,B2B,West
CUST-0572,Customer_572,SMB,West
CUST-0573,Customer_573,Enterprise,South
CUST-0574,Customer_574,SMB,East
CUST-0575,Customer_575,Enterprise,West
CUST-0576,Customer_576,Enterprise,North
CUST-0577,Customer_577,SMB,South
CUST-0578,Customer_578,B2B,South
CUST-0579,Customer_579,SMB,South
CUST-0580,Customer_580,Enterprise,North
CUST-0581,Customer_581,B2B,North
CUST-0582,Customer_582,B2B,West
CUST-0583,Customer_583,SMB,East
CUST-0584,Customer_584,Enterprise,North
CUST-0585,Customer_585,SMB,East
CUST-0586,Customer_586,SMB,North
CUST-0587,Customer_587,SMB,North
CUST-0588,Customer_588,SMB,East
CUST-0589,Customer_589,SMB,South
CUST-0590,Customer_590,Enterprise,East
CUST-0591,Customer_591,B2B,West
CUST-0592,Customer_592,SMB,West
CUST-0593,Customer_593,Enterprise,East
CUST-0594,Customer_594,Enterprise,West
CUST-0595,Customer_595,Enterprise,South
CUST-0596,Customer_596,Enterprise,East
CUST-0597,Customer_597,Enterprise,East
CUST-0598,Customer_598,SMB,East
CUST-0599,Customer_599,B2B,West
CUST-0600,Customer_600,B2B,South
CUST-0601,Customer_601,B2B,East
CUST-0602,Customer_602,SMB,East
CUST-0603,Customer_603,Enterprise,North
CUST-0604,Customer_604,B2B,South
CUST-0605,Customer_605,SMB,North
CUST-0606,Customer_606,Enterprise,West
CUST-0607,Customer_607,Enterprise,West
CUST-0608,Customer_608,Enterprise,East
CUST-0609,Customer_609,Enterprise,East
CUST-0610,Customer_610,Enterprise,North
CUST-0611,Customer_611,B2B,South
CUST-0612,Customer_612,SMB,South
CUST-0613,Customer_613,B2B,West
CUST-0614,Customer_614,B2B,South
CUST-0615,Customer_615,Enterprise,West
CUST-0616,Customer_616,B2B,South
CUST-0617,Customer_617,SMB,South
CUST-0618,Customer_618,B2B,West
CUST-0619,Customer_619,B2B,West
CUST-0620,Customer_620,Enterprise,South
CUST-0621,Customer_621,B2B,East
CUST-0622,Customer_622,Enterprise,North
CUST-0623,Customer_623,Enterprise,West
CUST-0624,Customer_624,SMB,North
CUST-0625,Customer_625,Enterprise,South
CUST-0626,Customer_626,B2B,North
CUST-0627,Customer_627,SMB,East
CUST-0628,Customer_628,B2B,North
CUST-0629,Customer_629,Enterprise,North
CUST-0630,Customer_630,Enterprise,East
CUST-0631,Customer_631,SMB,East
CUST-0632,Customer_632,Enterprise,North
CUST-0633,Customer_633,SMB,East
CUST-0634,Customer_634,Enterprise,North
CUST-0635,Customer_635,B2B,West
CUST-0636,Customer_636,Enterprise,North
CUST-0637,Customer_637,Enterprise,West
CUST-0638,Customer_638,Enterprise,North
CUST-0639,Customer_639,SMB,North
CUST-0640,Customer_640,SMB,North
CUST-0641,Customer_641,SMB,North
CUST-0642,Customer_642,SMB,South
CUST-0643,Customer_643,B2B,East
CUST-0644,Customer_644,SMB,North
CUST-0645,Customer_645,SMB,North
CUST-0646,Customer_646,Enterprise,West
CUST-0647,Customer_647,B2B,North
CUST-0648,Customer_648,B2B,East
CUST-0649,Customer_649,B2B,West
CUST-0650,Customer_650,B2B,North
CUST-0651,Customer_651,SMB,South
CUST-0652,Customer_652,B2B,South
CUST-0653,Customer_653,B2B,West
CUST-0654,Customer_654,SMB,North
CUST-0655,Customer_655,SMB,South
CUST-0656,Customer_656,Enterprise,East
CUST-0657,Customer_657,B2B,South
CUST-0658,Customer_658,Enterprise,North
CUST-0659,Customer_659,B2B,East
CUST-0660,Customer_660,B2B,North
CUST-0661,Customer_661,SMB,North
CUST-0662,Customer_662,B2B,East
CUST-0663,Customer_663,SMB,West
CUST-0664,Customer_664,B2B,North
CUST-0665,Customer_665,B2B,East
CUST-0666,Customer_666,B2B,North
CUST-0667,Customer_667,B2B,East
CUST-0668,Customer_668,Enterprise,North
CUST-0669,Customer_669,B2B,South
CUST-0670,Customer_670,SMB,West
CUST-0671,Customer_671,SMB,West
CUST-0672,Customer_672,B2B,East
CUST-0673,Customer_673,Enterprise,North
CUST-0674,Customer_674,B2B,North
CUST-0675,Customer_675,Enterprise,West
CUST-0676,Customer_676,SMB,North
CUST-0677,Customer_677,SMB,West
CUST-0678,Customer_678,B2B,East
CUST-0679,Customer_679,Enterprise,North
CUST-0680,Customer_680,Enterprise,East
CUST-0681,Customer_681,SMB,North
CUST-0682,Customer_682,B2B,East
CUST-0683,Customer_683,SMB,North
CUST-0684,Customer_684,Enterprise,East
CUST-0685,Customer_685,B2B,East
CUST-0686,Customer_686,Enterprise,East
CUST-0687,Customer_687,SMB,North
CUST-0688,Customer_688,Enterprise,North
CUST-0689,Customer_689,B2B,South
CUST-0690,Customer_690,Enterprise,North
CUST-0691,Customer_691,SMB,East
CUST-0692,Customer_692,Enterprise,East
CUST-0693,Customer_693,SMB,South
CUST-0694,Customer_694,SMB,East
CUST-0695,Customer_695,SMB,North
CUST-0696,Customer_696,B2B,South
CUST-0697,Customer_697,SMB,South
CUST-0698,Customer_698,SMB,West
CUST-0699,Customer_699,Enterprise,South
CUST-0700,Customer_700,SMB,South
CUST-0701,Customer_701,B2B,West
CUST-0702,Customer_702,B2B,East
CUST-0703,Customer_703,B2B,West
CUST-0704,Customer_704,Enterprise,South
CUST-0705,Customer_705,Enterprise,West
CUST-0706,Customer_706,B2B,East
CUST-0707,Customer_707,B2B,West
CUST-0708,Customer_708,B2B,South
CUST-0709,Customer_709,B2B,West
CUST-0710,Customer_710,SMB,East
CUST-0711,Customer_711,Enterprise,South
CUST-0712,Customer_712,B2B,South
CUST-0713,Customer_713,Enterprise,West
CUST-0714,Customer_714,Enterprise,West
CUST-0715,Customer_715,Enterprise,West
CUST-0716,Customer_716,Enterprise,North
CUST-0717,Customer_717,B2B,North
CUST-0718,Customer_718,B2B,West
CUST-0719,Customer_719,SMB,East
CUST-0720,Customer_720,B2B,South
CUST-0721,Customer_721,Enterprise,West
CUST-0722,Customer_722,SMB,West
CUST-0723,Customer_723,B2B,East
CUST-0724,Customer_724,SMB,North
CUST-0725,Customer_725,Enterprise,East
CUST-0726,Customer_726,SMB,South
CUST-0727,Customer_727,B2B,South
CUST-0728,Customer_728,B2B,North
CUST-0729,Customer_729,SMB,East
CUST-0730,Customer_730,Enterprise,East
CUST-0731,Customer_731,Enterprise,South
CUST-0732,Customer_732,SMB,West
CUST-0733,Customer_733,SMB,North
CUST-0734,Customer_734,Enterprise,East
CUST-0735,Customer_735,SMB,South
CUST-0736,Customer_736,B2B,East
CUST-0737,Customer_737,B2B,East
CUST-0738,Customer_738,Enterprise,West
CUST-0739,Customer_739,B2B,South
CUST-0740,Customer_740,B2B,North
CUST-0741,Customer_741,Enterprise,North
CUST-0742,Customer_742,Enterprise,West
CUST-0743,Customer_743,B2B,West
CUST-0744,Customer_744,Enterprise,South
CUST-0745,Customer_745,Enterprise,East
CUST-0746,Customer_746,SMB,East
CUST-0747,Customer_747,SMB,West
CUST-0748,Customer_748,Enterprise,South
CUST-0749,Customer_749,SMB,South
CUST-0750,Customer_750,SMB,East
CUST-0751,Customer_751,Enterprise,North
CUST-0752,Customer_752,SMB,East
CUST-0753,Customer_753,B2B,East
CUST-0754,Customer_754,Enterprise,West
CUST-0755,Customer_755,Enterprise,East
CUST-0756,Customer_756,Enterprise,South
CUST-0757,Customer_757,Enterprise,West
CUST-0758,Customer_758,B2B,West
CUST-0759,Customer_759,B2B,South
CUST-0760,Customer_760,Enterprise,West
CUST-0761,Customer_761,SMB,East
CUST-0762,Customer_762,SMB,North
CUST-0763,Customer_763,Enterprise,North
CUST-0764,Customer_764,B2B,South
CUST-0765,Customer_765,SMB,West
CUST-0766,Customer_766,SMB,East
CUST-0767,Customer_767,SMB,East
CUST-0768,Customer_768,Enterprise,West
CUST-0769,Customer_769,Enterprise,North
CUST-0770,Customer_770,Enterprise,East
CUST-0771,Customer_771,SMB,East
CUST-0772,Customer_772,SMB,North
CUST-0773,Customer_773,SMB,West
CUST-0774,Customer_774,B2B,South
CUST-0775,Customer_775,B2B,East
CUST-0776,Customer_776,SMB,East
CUST-0777,Customer_777,SMB,South
CUST-0778,Customer_778,Enterprise,West
CUST-0779,Customer_779,Enterprise,West
CUST-0780,Customer_780,B2B,East
CUST-0781,Customer_781,SMB,South
CUST-0782,Customer_782,SMB,East
CUST-0783,Customer_783,B2B,South
CUST-0784,Customer_784,SMB,East
CUST-0785,Customer_785,B2B,East
CUST-0786,Customer_786,Enterprise,South
CUST-0787,Customer_787,Enterprise,East
CUST-0788,Customer_788,Enterprise,North
CUST-0789,Customer_789,Enterprise,West
CUST-0790,Customer_790,Enterprise,West
CUST-0791,Customer_791,SMB,West
CUST-0792,Customer_792,SMB,South
CUST-0793,Customer_793,B2B,East
CUST-0794,Customer_794,B2B,East
CUST-0795,Customer_795,B2B,East
CUST-0796,Customer_796,SMB,South
CUST-0797,Customer_797,SMB,South
CUST-0798,Customer_798,SMB,North
CUST-0799,Customer_799,SMB,South
CUST-0800,Customer_800,SMB,South
CUST-0801,Customer_801,SMB,East
CUST-0802,Customer_802,B2B,North
CUST-0803,Customer_803,B2B,West
CUST-0804,Customer_804,Enterprise,South
CUST-0805,Customer_805,B2B,North
CUST-0806,Customer_806,B2B,East
CUST-0807,Customer_807,SMB,East
CUST-0808,Customer_808,Enterprise,West
CUST-0809,Customer_809,B2B,West
CUST-0810,Customer_810,SMB,West
CUST-0811,Customer_811,SMB,East
CUST-0812,Customer_812,B2B,West
CUST-0813,Customer_813,Enterprise,South
CUST-0814,Customer_814,Enterprise,South
CUST-0815,Customer_815,B2B,West
CUST-0816,Customer_816,SMB,West
CUST-0817,Customer_817,SMB,East
CUST-0818,Customer_818,B2B,North
CUST-0819,Customer_819,B2B,West
CUST-0820,Customer_820,B2B,South
CUST-0821,Customer_821,B2B,South
CUST-0822,Customer_822,Enterprise,South
CUST-0823,Customer_823,B2B,South
CUST-0824,Customer_824,Enterprise,West
CUST-0825,Customer_825,SMB,South
CUST-0826,Customer_826,Enterprise,East
CUST-0827,Customer_827,Enterprise,South
CUST-0828,Customer_828,SMB,North
CUST-0829,Customer_829,Enterprise,North
CUST-0830,Customer_830,Enterprise,North
CUST-0831,Customer_831,SMB,East
CUST-0832,Customer_832,SMB,West
CUST-0833,Customer_833,SMB,East
CUST-0834,Customer_834,Enterprise,West
CUST-0835,Customer_835,B2B,West
CUST-0836,Customer_836,SMB,West
CUST-0837,Customer_837,B2B,East
CUST-0838,Customer_838,SMB,East
CUST-0839,Customer_839,SMB,North
CUST-0840,Customer_840,B2B,South
CUST-0841,Customer_841,B2B,East
CUST-0842,Customer_842,B2B,North
CUST-0843,Customer_843,SMB,East
CUST-0844,Customer_844,SMB,East
CUST-0845,Customer_845,SMB,South
CUST-0846,Customer_846,SMB,East
CUST-0847,Customer_847,B2B,South
CUST-0848,Customer_848,B2B,South
CUST-0849,Customer_849,Enterprise,East
CUST-0850,Customer_850,Enterprise,North
CUST-0851,Customer_851,Enterprise,South
CUST-0852,Customer_852,Enterprise,West
CUST-0853,Customer_853,SMB,West
CUST-0854,Customer_854,Enterprise,South
CUST-0855,Customer_855,SMB,South
CUST-0856,Customer_856,B2B,North
CUST-0857,Customer_857,SMB,East
CUST-0858,Customer_858,B2B,West
CUST-0859,Customer_859,Enterprise,North
CUST-0860,Customer_860,SMB,East
CUST-0861,Customer_861,B2B,West
CUST-0862,Customer_862,SMB,South
CUST-0863,Customer_863,B2B,South
CUST-0864,Customer_864,Enterprise,South
CUST-0865,Customer_865,B2B,North
CUST-0866,Customer_866,B2B,East
CUST-0867,Customer_867,SMB,North
CUST-0868,Customer_868,B2B,West
CUST-0869,Customer_869,SMB,West
CUST-0870,Customer_870,SMB,North
CUST-0871,Customer_871,SMB,North
CUST-0872,Customer_872,Enterprise,North
CUST-0873,Customer_873,SMB,South
CUST-0874,Customer_874,Enterprise,North
CUST-0875,Customer_875,Enterprise,North
CUST-0876,Customer_876,Enterprise,North
CUST-0877,Customer_877,Enterprise,West
CUST-0878,Customer_878,SMB,West
CUST-0879,Customer_879,SMB,East
CUST-0880,Customer_880,SMB,West
CUST-0881,Customer_881,SMB,East
CUST-0882,Customer_882,SMB,South
CUST-0883,Customer_883,SMB,East
CUST-0884,Customer_884,SMB,South
CUST-0885,Customer_885,SMB,South
CUST-0886,Customer_886,B2B,North
CUST-0887,Customer_887,SMB,North
CUST-0888,Customer_888,Enterprise,South
CUST-0889,Customer_889,Enterprise,North
CUST-0890,Customer_890,B2B,South
CUST-0891,Customer_891,B2B,West
CUST-0892,Customer_892,B2B,North
CUST-0893,Customer_893,B2B,West
CUST-0894,Customer_894,Enterprise,West
CUST-0895,Customer_895,B2B,East
CUST-0896,Customer_896,B2B,South
CUST-0897,Customer_897,B2B,North
CUST-0898,Customer_898,Enterprise,North
CUST-0899,Customer_899,Enterprise,East
CUST-0900,Customer_900,Enterprise,North
CUST-0901,Customer_901,Enterprise,West
CUST-0902,Customer_902,Enterprise,West
CUST-0903,Customer_903,Enterprise,East
CUST-0904,Customer_904,SMB,South
CUST-0905,Customer_905,SMB,North
CUST-0906,Customer_906,SMB,East
CUST-0907,Customer_907,Enterprise,South
CUST-0908,Customer_908,Enterprise,South
CUST-0909,Customer_909,B2B,West
CUST-0910,Customer_910,SMB,North
CUST-0911,Customer_911,B2B,North
CUST-0912,Customer_912,B2B,North
CUST-0913,Customer_913,B2B,North
CUST-0914,Customer_914,SMB,North
CUST-0915,Customer_915,B2B,South
CUST-0916,Customer_916,Enterprise,South
CUST-0917,Customer_917,Enterprise,West
CUST-0918,Customer_918,Enterprise,West
CUST-0919,Customer_919,Enterprise,West
CUST-0920,Customer_920,SMB,South
CUST-0921,Customer_921,SMB,East
CUST-0922,Customer_922,SMB,West
CUST-0923,Customer_923,SMB,West
CUST-0924,Customer_924,SMB,South
CUST-0925,Customer_925,SMB,North
CUST-0926,Customer_926,Enterprise,South
CUST-0927,Customer_927,B2B,North
CUST-0928,Customer_928,SMB,South
CUST-0929,Customer_929,SMB,East
CUST-0930,Customer_930,SMB,West
CUST-0931,Customer_931,B2B,North
CUST-0932,Customer_932,B2B,East
CUST-0933,Customer_933,B2B,East
CUST-0934,Customer_934,Enterprise,West
CUST-0935,Customer_935,SMB,East
CUST-0936,Customer_936,Enterprise,East
CUST-0937,Customer_937,B2B,North
CUST-0938,Customer_938,B2B,East
CUST-0939,Customer_939,B2B,West
CUST-0940,Customer_940,Enterprise,North
CUST-0941,Customer_941,SMB,East
CUST-0942,Customer_942,SMB,East
CUST-0943,Customer_943,SMB,East
CUST-0944,Customer_944,SMB,South
CUST-0945,Customer_945,B2B,East
CUST-0946,Customer_946,Enterprise,North
CUST-0947,Customer_947,B2B,South
CUST-0948,Customer_948,SMB,South
CUST-0949,Customer_949,B2B,South
CUST-0950,Customer_950,Enterprise,West
CUST-0951,Customer_951,B2B,West
CUST-0952,Customer_952,B2B,East
CUST-0953,Customer_953,SMB,West
CUST-0954,Customer_954,SMB,East
CUST-0955,Customer_955,Enterprise,South
CUST-0956,Customer_956,Enterprise,East
CUST-0957,Customer_957,B2B,West
CUST-0958,Customer_958,SMB,South
CUST-0959,Customer_959,Enterprise,East
CUST-0960,Customer_960,B2B,South
CUST-0961,Customer_961,SMB,South
CUST-0962,Customer_962,Enterprise,West
CUST-0963,Customer_963,Enterprise,West
CUST-0964,Customer_964,SMB,East
CUST-0965,Customer_965,B2B,West
CUST-0966,Customer_966,B2B,South
CUST-0967,Customer_967,B2B,West
CUST-0968,Customer_968,SMB,North
CUST-0969,Customer_969,B2B,East
CUST-0970,Customer_970,B2B,South
CUST-0971,Customer_971,Enterprise,West
CUST-0972,Customer_972,Enterprise,West
CUST-0973,Customer_973,Enterprise,South
CUST-0974,Customer_974,B2B,West
CUST-0975,Customer_975,Enterprise,East
CUST-0976,Customer_976,Enterprise,South
CUST-0977,Customer_977,SMB,South
CUST-0978,Customer_978,SMB,East
CUST-0979,Customer_979,B2B,North
CUST-0980,Customer_980,B2B,South
CUST-0981,Customer_981,Enterprise,West
CUST-0982,Customer_982,Enterprise,South
CUST-0983,Customer_983,B2B,West
CUST-0984,Customer_984,SMB,North
CUST-0985,Customer_985,B2B,South
CUST-0986,Customer_986,Enterprise,South
CUST-0987,Customer_987,SMB,North
CUST-0988,Customer_988,SMB,East
CUST-0989,Customer_989,SMB,North
CUST-0990,Customer_990,SMB,South
CUST-0991,Customer_991,B2B,South
CUST-0992,Customer_992,B2B,East
CUST-0993,Customer_993,Enterprise,North
CUST-0994,Customer_994,B2B,North
CUST-0995,Customer_995,B2B,East
CUST-0996,Customer_996,Enterprise,South
CUST-0997,Customer_997,B2B,South
CUST-0998,Customer_998,SMB,North
CUST-0999,Customer_999,Enterprise,North
CUST-1000,Customer_1000,B2B,West
